1,1747584426.6675038,0,0,-5,0.002904553199186921,0.11626476049423218,-4.835227966308594,-0.010344068519771099,-0.02768148109316826,-0.5696396827697754,0.0016093666709402227,0.02686729946645579,-3.1011301514808083,100.0,False
1,1747584428.6992967,2,0,-5,1.8849031925201416,0.0002747376565821469,-4.982215881347656,0.954330325126648,0.006492581684142351,0.15633198618888855,-0.11354180674884085,0.01725378040497546,3.078349420523025,100.0,False
1,1747584430.2233932,4,0,-5,3.850877523422241,-0.01384268794208765,-4.8645172119140625,0.827025830745697,0.009904870763421059,-0.10812540352344513,-0.1018203510513672,0.01606522526366792,3.081356365786027,100.0,False
1,1747584431.4928405,6,0,-5,4.3805155754089355,-0.10985395312309265,-4.770042419433594,0.01200763788074255,0.0030437095556408167,0.5373465418815613,-0.0002231911629502299,0.00023362749966004154,3.1221869839655865,100.0,False
1,1747584433.7727525,8,0,-5,8.284058570861816,0.182694211602211,-4.938758850097656,1.432802438735962,0.04162919148802757,-0.13846862316131592,-0.23815771469060432,0.03586966775289391,-3.1139673187295975,100.0,False
1,1747584434.7896814,10,0,-5,9.935755729675293,0.19618070125579834,-5.03045654296875,0.8530436158180237,-0.13217607140541077,0.0056531052105128765,-0.12613302419731345,0.02105327762838423,-3.1119057210890633,100.0,False
1,1747584438.06149,12.78707880610229,0.7870788061022891,-4.212921193897711,12.689539909362793,0.7098371386528015,-4.168182373046875,0.799686849117279,0.3366754651069641,0.07064496725797653,-0.11702094985661152,0.038837539086319074,-3.094784154555329,100.0,False
1,1747584440.034388,15.366791498881863,1.685366651272311,-4.85969162260265,15.247167587280273,1.811428427696228,-4.8582305908203125,0.8904311060905457,0.25075864791870117,-0.17744645476341248,-0.12563666830316417,0.06547740276186749,-3.0883413721258615,100.0,True
1,1747584442.0056155,16,0,-5,16.025833129882812,0.07589297741651535,-5.014701843261719,-0.1379135400056839,-1.0375672578811646,0.048325907438993454,-0.0021970609869943836,-0.11143149772712674,-3.1006585585670887,100.0,False
1,1747584444.363973,18,0,-5,18.17989730834961,-0.18245071172714233,-4.96405029296875,0.7850697636604309,0.6826674938201904,-0.03976154699921608,-0.14864314706834217,0.054544250837121326,-3.1069768804014966,100.0,False
1,1747584446.68472,17.726652555762797,-2.2733474442372037,-7.273347444237204,17.558237075805664,-2.3764476776123047,-7.372795104980469,-0.5929878950119019,-1.2478934526443481,-0.19299620389938354,0.09631857133225943,-0.17083152649191524,-3.135099320570183,100.0,False
1,1747584449.3269355,22,0,-5,22.398408889770508,0.4465096592903137,-4.736747741699219,1.3738369941711426,1.1434836387634277,-0.037876296788454056,-0.2862682717941478,0.2218031586358868,-3.0916000762650078,100.0,False
1,1747584451.6265721,26.68554432327085,2.6855443232708502,-2.3144556767291498,26.631792068481445,2.5537002086639404,-2.3855972290039062,0.6077850461006165,0.02525881491601467,0.36619532108306885,-0.12571562608223535,0.0035986584946572555,-3.0311311609079357,100.0,False
1,1747584456.0979526,26,0,-5,25.820009231567383,0.2358504980802536,-4.97393798828125,0.6092380285263062,0.6609916687011719,0.12822704017162323,-0.07256291297478316,0.1250160912752569,-3.0284103247553364,100.0,False
1,1747584458.3372593,27.425815916077475,-0.7439020874406417,-4.225389499667019,26.608924865722656,0.601879358291626,-4.019203186035156,-0.009469645097851753,-0.2836315631866455,0.7682719826698303,-0.0003562478164102117,0.0008633665786381378,-3.0157021270776854,100.0,True
1,1747584458.6412973,30,0,-5,26.580493927001953,0.4470536410808563,-3.7601165771484375,-0.06502953916788101,-0.3423179090023041,0.7728025913238525,-0.0003471995026728471,0.0007383892884918139,-3.016111774078892,100.0,False
1,1747584458.9444718,36.82750617227942,4.827506172279419,-0.1724938277205812,26.539581298828125,0.2978123724460602,-3.5242080688476562,-0.1128905713558197,-0.39021971821784973,0.7662029266357422,-0.00030575662785611136,0.0006084269580336701,-3.016471778280208,100.0,False
1,1747584461.1828527,34,0,-5,25.796335220336914,-1.0690650939941406,-1.756011962890625,-0.44840580224990845,-0.6198203563690186,0.690062940120697,-4.829455667090028e-05,3.247826146715228e-05,-3.0185085892061254,100.0,False
1,1747584461.4871943,35.124306488795554,-0.8756935112044486,-5.875693511204449,25.65565299987793,-1.2556428909301758,-1.5460662841796875,-0.4865683615207672,-0.6311004757881165,0.6865194439888,1.1262051162550467e-05,5.920950408300045e-05,-3.0188361436215922,100.0,False
1,1747584462.7558053,38,0,-5,24.935997009277344,-2.092386245727539,-0.6451034545898438,-0.6300776600837708,-0.6767905950546265,0.6903911828994751,2.9335206038501503e-05,-7.352849214925042e-05,-3.0193702157124043,100.0,False
1,1747584463.0582597,40,0,-5,24.722766876220703,-2.3140769004821777,-0.41461181640625,-0.6652306318283081,-0.6842066049575806,0.6932326555252075,5.925359521539381e-05,-2.2245348742279102e-05,-3.0196935077218736,100.0,False
2,1747584464.3694317,0,0,-5,23.75146484375,-3.23960542678833,0.5060348510742188,-0.8083891272544861,-0.7290562391281128,0.7001588940620422,3.795542421006278e-05,-1.138814351664871e-05,-3.0201720256376707,100.0,False
2,1747584464.673634,2,0,-5,23.47139549255371,-3.4881272315979004,0.7419357299804688,-0.8449500203132629,-0.738493025302887,0.7007834911346436,1.9002892753933356e-05,-7.643323447033039e-05,-3.0204433333277128,100.0,False
2,1747584464.977045,4,0,-5,23.21754264831543,-3.7070395946502686,0.9470977783203125,-0.8776147365570068,-0.7487263083457947,0.7007176876068115,5.340876774408454e-05,-6.047245942605931e-05,-3.020834807616448,100.0,False
2,1747584465.281973,6,0,-5,22.921581268310547,-3.9569642543792725,1.1783294677734375,-0.912836492061615,-0.7600976824760437,0.7034136056900024,4.7999398712582406e-05,1.4706763686148007e-05,-3.0208555377517547,100.0,False
2,1747584465.5864928,8,0,-5,22.647401809692383,-4.183669567108154,1.3851470947265625,-0.944800078868866,-0.7715367078781128,0.7045130133628845,-2.1945029882001168e-05,6.0564370740256384e-05,-3.0209747566428193,100.0,False
2,1747584465.891051,10,0,-5,22.354177474975586,-4.421557903289795,1.5982513427734375,-0.97819983959198,-0.7839697599411011,0.703704297542572,4.137465544820037e-05,-3.426321902186794e-05,-3.021183370715414,100.0,False
2,1747584467.161466,12,0,-5,20.95517349243164,-5.502621173858643,2.5294036865234375,-1.1254826784133911,-0.8364410996437073,0.704339325428009,2.5275232733199555e-05,2.2234496537546083e-05,-3.0220521669479807,100.0,False
2,1747584467.46484,10.408055233495332,2.0414630944491456,-5.117127895038234,20.616785049438477,-5.754170894622803,2.7381134033203125,-1.157517671585083,-0.8491607904434204,0.7062174677848816,-2.67133924111456e-06,-1.669105658318879e-06,-3.0222725002528277,100.0,True
2,1747584467.768108,16,0,-5,20.26853370666504,-6.009377956390381,2.9471359252929688,-1.1892064809799194,-0.8599351644515991,0.7055898904800415,8.603075217239628e-06,6.60056778817898e-05,-3.0223063437322804,100.0,False
2,1747584468.0728445,18,0,-5,19.866132736206055,-6.29999303817749,3.1809158325195312,-1.2269213199615479,-0.8752196431159973,0.7046945691108704,-3.278711547539768e-05,-1.02962139871637e-05,-3.022465135939302,100.0,False
2,1747584468.3758504,20,0,-5,19.485427856445312,-6.571473121643066,3.3958358764648438,-1.2607944011688232,-0.8884242177009583,0.7038872838020325,-2.42395933948806e-06,4.293934976993411e-05,-3.022636531968498,100.0,False
2,1747584468.6783981,22,0,-5,19.0589599609375,-6.870728015899658,3.6292648315429688,-1.2983872890472412,-0.9001648426055908,0.7025324702262878,9.464216683972092e-05,5.230061334991676e-05,-3.0229965592137398,100.0,False
2,1747584468.9808278,24,0,-5,18.667951583862305,-7.141596794128418,3.83648681640625,-1.3318911790847778,-0.9135749936103821,0.7021300196647644,8.245071051335994e-05,1.3807076885250086e-05,-3.0232795499109844,100.0,False
2,1747584470.3646333,26,0,-5,18.218612670898438,-7.450273513793945,4.068885803222656,-1.3654650449752808,-0.9292500019073486,0.704609751701355,-3.974074670691183e-05,5.583342352088086e-05,-3.0234395281228656,100.0,False
1,1747660975.1780202,0,0,-5,0.1203538328409195,0.031242894008755684,-4.8033905029296875,-0.0902385413646698,0.04537590593099594,-0.5650345087051392,0.01007829370569884,0.00644917888391588,-3.1079992274301262,100.0,False
1,1747660977.3132527,2,0,-5,1.8766573667526245,0.07936742901802063,-4.9960784912109375,0.8783431649208069,-0.0574662983417511,0.14542213082313538,-0.0809044000700582,0.001773142827673358,-3.1298784254804004,100.0,False
1,1747660978.6150925,4,0,-5,2.638727903366089,-0.017497539520263672,-4.644203186035156,0.04334459453821182,-0.09096179902553558,0.6104299426078796,0.0005299543676077166,0.00028664921719901473,-3.1139985568348814,100.0,False
1,1747660980.9794414,6,0,-5,6.11216402053833,-0.06342339515686035,-4.938377380371094,1.2518833875656128,0.06484594196081161,-0.12630057334899902,-0.18024282783124973,-0.00893386554307113,-3.120915558527057,100.0,False
1,1747660982.209237,8,0,-5,7.797713756561279,0.02479778788983822,-5.032096862792969,0.7869879007339478,0.034055907279253006,0.042734306305646896,-0.08377258187356865,0.0048323345580610555,-3.1300181421138795,100.0,False
1,1747660984.256229,10,0,-5,9.789518356323242,0.0133752953261137,-4.996734619140625,0.7288067936897278,-0.039185069501399994,0.02368447743356228,-0.06524940653547638,-0.005628108804300868,-3.1339680266332843,100.0,False
1,1747660988.1587322,12,0,-5,12.291037559509277,0.021076202392578125,-4.368583679199219,-0.19652120769023895,0.008484726771712303,0.7765726447105408,-0.0006014120727551354,4.0889577689370455e-05,-3.13471069891449,100.0,False
1,1747660988.4635873,18.462759405430475,5.034373383776759,-2.2602543795605214,12.19309139251709,0.02434772253036499,-4.1347198486328125,-0.2833220064640045,0.003642770927399397,0.8115343451499939,0.0022264903106951764,-0.0032208652455087442,-3.1346220090073187,100.0,True
1,1747660988.7680225,16,0,-5,12.074749946594238,0.02696869894862175,-3.892822265625,-0.36216428875923157,0.004537269007414579,0.8119067549705505,-0.0009082715147698062,0.0005731205844454974,-3.1343096813327316,100.0,False
1,1747660989.071254,18,0,-5,11.915375709533691,0.02590087801218033,-3.619140625,-0.45528116822242737,-0.010482928715646267,0.7934274673461914,-0.0011543397217727602,0.0010331028156380598,-3.1341916619791177,100.0,False
1,1747660989.3760536,18.765063101861223,-1.2349368981387787,-6.234936898138779,11.751418113708496,0.022298289462924004,-3.3759002685546875,-0.5350071787834167,-0.019044652581214905,0.7726554274559021,-0.0007839543955187391,0.0006070453542414384,-3.1339646889198858,100.0,False
1,1747660991.6797466,22,0,-5,9.873181343078613,-0.07680236548185349,-1.6506576538085938,-1.0247575044631958,-0.07282101362943649,0.6843354105949402,0.00020993248837261304,9.490892400483875e-05,-3.133466394377072,100.0,False
1,1747660991.9846632,24,0,-5,9.561250686645508,-0.10193705558776855,-1.4446487426757812,-1.0753780603408813,-0.0817745253443718,0.6833406686782837,0.00010605588562137855,2.950336482214929e-05,-3.133320005972802,100.0,False
1,1747660992.28751,26,0,-5,9.22459888458252,-0.13051918148994446,-1.2341766357421875,-1.1286553144454956,-0.09124352782964706,0.6832799315452576,7.290016546510937e-05,6.69631946949869e-05,-3.133291395537256,100.0,False
1,1747660992.5938525,28.58831697950192,-1.8615840316287402,-5.887843290015003,8.883397102355957,-0.16075550019741058,-1.0306625366210938,-1.1772198677062988,-0.09972310066223145,0.6849486231803894,7.547882542100509e-05,7.903005465648311e-05,-3.1331225939840572,100.0,True
1,1747660992.8989682,30,0,-5,8.527923583984375,-0.1929638534784317,-0.8271865844726562,-1.2264724969863892,-0.10579384118318558,0.6886187791824341,9.391389567254359e-05,9.104435386464951e-06,-3.133098513025803,100.0,False
1,1747660993.2020192,32,0,-5,8.147659301757812,-0.22826240956783295,-0.6172714233398438,-1.2749658823013306,-0.11307521909475327,0.6921821236610413,6.561981519231854e-05,-2.5658628313845743e-05,-3.1329807341555203,100.0,False
1,1747660993.508506,34,0,-5,7.717000484466553,-0.2690625488758087,-0.3876190185546875,-1.3291288614273071,-0.12152916938066483,0.694811224937439,6.772575625811591e-05,-2.176623922761567e-05,-3.1328167038786283,100.0,False
1,1747660993.8124197,31.47417841742705,-4.525821582572948,-9.525821582572949,7.318180561065674,-0.3082606792449951,-0.18228912353515625,-1.3753610849380493,-0.13055148720741272,0.6961987614631653,7.621296058621328e-05,2.207197698262836e-05,-3.1328219475543886,100.0,False
1,1747660994.1171796,38,0,-5,6.906350135803223,-0.34916144609451294,0.023468017578125,-1.4207462072372437,-0.13662366569042206,0.6997216939926147,4.513282453508704e-05,3.8422255469224747e-05,-3.133053452315842,100.0,False
1,1747660994.4208875,40,0,-5,6.467916965484619,-0.3928195834159851,0.23671722412109375,-1.4678359031677246,-0.142316535115242,0.7011598944664001,2.1213621565336386e-05,1.1623839360449113e-05,-3.133135468054079,100.0,False
2,1747660995.7292235,0,0,-5,4.46006965637207,-0.6031898260116577,1.1408309936523438,-1.6522083282470703,-0.17330889403820038,0.7043417692184448,0.00025758757525880575,-0.00028905098045163314,-3.133620888540073,100.0,False
2,1747660996.0347316,2,0,-5,3.966229200363159,-0.656356930732727,1.3478240966796875,-1.6903365850448608,-0.17773759365081787,0.7042534351348877,0.00017614295726863565,-0.0001321839558338418,-3.1335724884773977,100.0,False
2,1747660996.3396235,4,0,-5,3.444321393966675,-0.7134409546852112,1.5607376098632812,-1.7344170808792114,-0.1852809637784958,0.7028745412826538,0.00011245817276268466,-0.0001269202635809264,-3.1338235444934193,100.0,False
2,1747660996.644437,6,0,-5,2.8611295223236084,-0.7777205109596252,1.7923126220703125,-1.7778915166854858,-0.18949247896671295,0.7031629085540771,9.6027734685068e-05,-0.00010541073636178543,-3.133864073450816,100.0,False
2,1747660996.947623,8,0,-5,2.328906297683716,-0.8368532657623291,1.9992904663085938,-1.8184986114501953,-0.19628582894802094,0.7051669359207153,-0.0012751887072017184,0.001130892682179367,-3.13374748915186,100.0,False
2,1747660997.2511785,10,0,-5,1.784016489982605,-0.8986443281173706,2.2065963745117188,-1.858254313468933,-0.20380927622318268,0.7046442627906799,0.0003273677807984353,-0.0002531898352741913,-3.1333827059051904,100.0,False
2,1747660997.555741,12,0,-5,1.2111334800720215,-0.964227557182312,2.4194869995117188,-1.8952255249023438,-0.20915314555168152,0.7028653621673584,0.0003318118668367146,-0.00035496533216901403,-3.132970243809441,100.0,False
2,1747660997.8621519,12.227004061391826,-1.2156521171453354,-5.897603429079906,0.6437081694602966,-1.0300977230072021,2.626373291015625,-1.9307821989059448,-0.21673409640789032,0.7049137949943542,0.0002775054412782257,-0.00013330574111505925,-3.1327587652051623,100.0,True
2,1747660998.1664839,16,0,-5,0.06511470675468445,-1.0986436605453491,2.8336105346679688,-1.9657741785049438,-0.2238091379404068,0.704207718372345,9.600882917763959e-05,-2.3203176627480428e-05,-3.132865100932165,100.0,False
2,1747660998.469416,18,0,-5,-0.5424078702926636,-1.1704542636871338,3.0482711791992188,-2.0024032592773438,-0.22874882817268372,0.7069016098976135,0.00010379404713358558,-7.019008782634809e-05,-3.1331039961796554,100.0,False
2,1747660998.7724166,20,0,-5,-1.1435801982879639,-1.2417583465576172,3.2571258544921875,-2.0403194427490234,-0.2355697602033615,0.7046605944633484,3.1083466529168054e-05,-8.29886868254188e-05,-3.1330679970188084,100.0,False
2,1747660999.0756872,22,0,-5,-1.8305931091308594,-1.3237402439117432,3.4906387329101562,-2.0808067321777344,-0.24356919527053833,0.7035182118415833,5.598988727757285e-05,7.876008243150713e-06,-3.133086115423662,100.0,False
2,1747660999.3788729,24,0,-5,-2.4538590908050537,-1.3983691930770874,3.6977005004882812,-2.114781618118286,-0.2480151355266571,0.7028895020484924,2.5834700536654453e-05,-6.777912212878329e-05,-3.1331290305347217,100.0,False
2,1747660999.6852396,26,0,-5,-3.1066598892211914,-1.4765387773513794,3.91107177734375,-2.1488966941833496,-0.253597229719162,0.7045179605484009,6.387308516952042e-05,-5.619727575361908e-05,-3.1329351961854464,100.0,False
2,1747660999.9891362,32.20092813622897,0.3623499938638175,-2.985425775145047,-3.7506706714630127,-1.5536607503890991,4.118034362792969,-2.1828718185424805,-0.25879180431365967,0.7044949531555176,-1.2710243800372157e-05,-5.931977707724942e-06,-3.1326319278499186,100.0,True
2,1747661000.293941,30,0,-5,-4.404006481170654,-1.6325193643569946,4.3256683349609375,-2.214479446411133,-0.26352646946907043,0.7057542204856873,-0.00010142786324278734,6.338845586130116e-06,-3.1323424862234717,100.0,False
2,1747661000.5988925,32,0,-5,-5.087144374847412,-1.7152498960494995,4.538948059082031,-2.2477340698242188,-0.2707926630973816,0.7032132148742676,5.53000387437818e-05,2.2066123831226924e-05,-3.1322478359829935,100.0,False
2,1747661001.900616,34,0,-5,-8.090986251831055,-2.0828940868377686,5.443206787109375,-2.3814404010772705,-0.29196271300315857,0.7064628601074219,-6.092006276330063e-06,-2.2312123699134223e-06,-3.1316882672048143,100.0,False
2,1747661002.2058501,35.17975569537732,-0.8202443046226833,-5.820244304622683,-8.825157165527344,-2.1731224060058594,5.6583404541015625,-2.412501096725464,-0.29731878638267517,0.7047328948974609,1.3463161025284655e-05,9.666888791849165e-06,-3.131362110563894,100.0,False
2,1747661002.5089264,38,0,-5,-9.633583068847656,-2.272688150405884,5.892692565917969,-2.4434642791748047,-0.30171579122543335,0.7062790989875793,1.0821734674898758e-06,4.844296419279797e-06,-3.13124933872997,100.0,False
2,1747661002.8139737,40,0,-5,-10.363154411315918,-2.3631980419158936,6.1016693115234375,-2.4701383113861084,-0.3069484829902649,0.7052961587905884,4.930025815985772e-06,-5.8538411117448415e-05,-3.1311103418677537,100.0,False
3,1747661004.1219673,0,0,-5,-13.634129524230957,-2.7752370834350586,7.00469970703125,-2.581827402114868,-0.32765910029411316,0.7038612961769104,3.7687850750389726e-05,-3.634820372388204e-05,-3.131385712296324,100.0,False
3,1747661004.4261994,2,0,-5,-14.426263809204102,-2.8759119510650635,7.217689514160156,-2.6059412956237793,-0.3315519094467163,0.7041428089141846,6.2831233456096786e-06,-6.841432736741597e-05,-3.1312238270914294,100.0,False
3,1747661004.7291675,4,0,-5,-15.202445983886719,-2.975247859954834,7.424217224121094,-2.6302289962768555,-0.33613118529319763,0.7052723169326782,-2.711377130351971e-05,8.286257271469807e-05,-3.1311561170426674,100.0,False
3,1747661005.0336876,6,0,-5,-15.985045433044434,-3.075535774230957,7.630645751953125,-2.6507787704467773,-0.3376014828681946,0.7037314176559448,0.0001355959041835464,-0.00012268059108131346,-3.1314515181955493,100.0,False
3,1747661005.338851,8,0,-5,-16.79802703857422,-3.1804347038269043,7.84283447265625,-2.67380428314209,-0.3413303792476654,0.7044376134872437,-0.002644971522223693,0.00012452847300637715,-3.1313921508935008,100.0,False
3,1747661005.6422462,10,0,-5,-17.692773818969727,-3.2966878414154053,8.074348449707031,-2.7026567459106445,-0.348564088344574,0.7056912779808044,0.0005577131667600107,1.9046721940899877e-05,-3.131256491895208,100.0,False
3,1747661005.9457653,16.84597759339126,4.845977593391261,-0.154022406608739,-18.497270584106445,-3.402554750442505,8.280906677246094,-2.72139835357666,-0.353689968585968,0.7062459588050842,0.0006309068530127802,2.1796029550550743e-05,-3.131119399813911,100.0,False
3,1747661006.2492945,15.08024704914654,-0.02040089474260931,-4.212644102236764,-19.308752059936523,-3.5098114013671875,8.487556457519531,-2.7415366172790527,-0.35880807042121887,0.7077106237411499,0.00037012246051488975,1.1321035287077362e-05,-3.1308146997586155,100.0,True
3,1747661006.552928,16,0,-5,-20.152664184570312,-3.6218459606170654,8.701683044433594,-2.765887975692749,-0.36364951729774475,0.7075197100639343,0.0002093058684211532,3.799436869584592e-06,-3.130202441029387,100.0,False
3,1747661006.8583145,18,0,-5,-20.978384017944336,-3.7318813800811768,8.91009521484375,-2.7878458499908447,-0.36837780475616455,0.706122636795044,0.00022446519721922622,4.458238668668664e-05,-3.1298285991217605,100.0,False
3,1747661007.16279,20,0,-5,-21.81012535095215,-3.8438994884490967,9.118888854980469,-2.809149980545044,-0.3752634823322296,0.7079711556434631,0.00011889952464631702,1.123799926566729e-05,-3.12969103657341,100.0,False
3,1747661007.4664254,22,0,-5,-22.67237091064453,-3.9605610370635986,9.333992004394531,-2.827425241470337,-0.3810657858848572,0.7061310410499573,8.855556963665402e-05,-1.0572423044346546e-05,-3.129739910645502,100.0,False
3,1747661007.7702408,24,0,-5,-23.514894485473633,-4.074899673461914,9.542449951171875,-2.845111131668091,-0.38575878739356995,0.7053874731063843,7.366162315146733e-05,2.5077424339078914e-05,-3.129910855337448,100.0,False
3,1747661008.0745952,26,0,-5,-24.466184616088867,-4.204422950744629,9.7760009765625,-2.8654468059539795,-0.38965895771980286,0.703812301158905,6.520717182952492e-06,-7.578131598579074e-05,-3.1298004697929676,100.0,False
3,1747661008.378869,26.410100300638774,-0.8495009263923019,-5.391505767281,-25.321155548095703,-4.320521831512451,9.984275817871094,-2.8836326599121094,-0.3929098844528198,0.7045925259590149,4.489518670124481e-07,-8.194551177904494e-05,-3.129725125967382,100.0,True
3,1747661008.6820624,30,0,-5,-26.207931518554688,-4.441254615783691,10.19879150390625,-2.9024693965911865,-0.3954368531703949,0.70238196849823,8.160613137784387e-07,0.0001136089215590585,-3.1300806109756607,100.0,False
3,1747661008.986811,32,0,-5,-27.0748291015625,-4.559494972229004,10.407081604003906,-2.922612190246582,-0.3986901044845581,0.7039045095443726,-8.496237992228096e-05,4.69207270420855e-05,-3.130031972528972,100.0,False
3,1747661009.2913744,34,0,-5,-27.947607040405273,-4.678854465484619,10.615974426269531,-2.942073345184326,-0.4028084874153137,0.7030947208404541,-9.310019189452896e-06,-8.155533673502843e-05,-3.1302155549411386,100.0,False
3,1747661009.5950143,36,0,-5,-28.852174758911133,-4.803320407867432,10.830909729003906,-2.957159996032715,-0.4077152609825134,0.7044345140457153,-8.727655942422037e-06,3.7529473243692124e-05,-3.1308507023103043,100.0,False
3,1747661009.8978367,38,0,-5,-29.73502540588379,-4.9250640869140625,11.039108276367188,-2.975214958190918,-0.4106237292289734,0.7025722861289978,-1.2095467812285034e-05,1.9139899683223836e-05,-3.130887657341103,100.0,False
3,1747661010.2017224,40,0,-5,-30.623449325561523,-5.048268795013428,11.245895385742188,-2.99292254447937,-0.41443029046058655,0.701739490032196,-4.531317232980363e-05,-9.911054633631485e-06,-3.1309117393901023,100.0,False
4,1747661011.508952,0,0,-5,-34.58271789550781,-5.599369525909424,12.153709411621094,-3.0592596530914307,-0.4235067665576935,0.7040676474571228,-0.00023937272610976746,0.0002807838575438839,-3.130712418132762,100.0,False
4,1747661011.8166358,2,0,-5,-35.606605529785156,-5.742541790008545,12.385231018066406,-3.078799247741699,-0.4286966919898987,0.701812744140625,-0.00019444832507307057,0.00023259278182332906,-3.1308807440884605,100.0,False
4,1747661012.1195185,4,0,-5,-36.524559020996094,-5.8728227615356445,12.591926574707031,-3.094736099243164,-0.4353572726249695,0.7054279446601868,-9.054442473561462e-05,0.00015708760473198655,-3.130819946128665,100.0,False
4,1747661012.4248865,6,0,-5,-37.47426986694336,-6.00818395614624,12.805717468261719,-3.108578681945801,-0.44066277146339417,0.7038337588310242,-5.43497201728886e-05,6.434891602945262e-05,-3.1306642596677614,100.0,False
4,1747661012.7297783,8,0,-5,-38.39936447143555,-6.140805244445801,13.013847351074219,-3.1217422485351562,-0.44278833270072937,0.704999566078186,-5.226070354773261e-06,-0.003252429306422386,-3.1306191977116264,100.0,False
4,1747661014.0328252,10,0,-5,-42.475242614746094,-6.722065448760986,13.922554016113281,-3.169797658920288,-0.4571421146392822,0.7026979327201843,2.0303312018362738e-05,0.000269177674256526,-3.131904036339636,100.0,False
4,1747661014.335737,9.950790655616697,-2.0492093443833026,-7.049209344383303,-43.446441650390625,-6.861635684967041,14.135871887207031,-3.182006359100342,-0.4579446315765381,0.7032533884048462,-2.4045243253740607e-05,0.00017310267609272335,-3.13241425296645,100.0,False
1,1747841382.0431004,0,0,-5,30.021652221679688,-115.46004486083984,-4.9968414306640625,-1.2638320922851562,4.895625591278076,-0.008825127966701984,0.03176611877436656,-0.048296774494258884,1.7588484729225085,100.0,False
1,1747841382.3514855,2,0,-5,29.620119094848633,-113.86883544921875,-5.0009765625,-1.1237801313400269,4.591924667358398,-0.019818777218461037,0.17310507214796436,-0.04640800700428374,1.797427836600876,100.0,False
1,1747841382.657644,4,0,-5,29.290054321289062,-112.53775787353516,-5.00244140625,-0.9487600922584534,3.9061312675476074,0.014062692411243916,0.3157514854893667,-0.003090006222964962,1.8626158447728618,100.0,False
1,1747841382.9639065,6,0,-5,29.0102481842041,-111.44578552246094,-4.98822021484375,-0.7677580714225769,2.93940806388855,0.0628076121211052,0.34299101692324124,0.016907777657840167,1.92214347792822,100.0,False
1,1747841383.2692606,8,0,-5,28.784778594970703,-110.57345581054688,-4.9822540283203125,-0.5621991157531738,2.0771288871765137,0.03006649762392044,0.32394054891515833,0.015174353507372578,1.9201283481031215,100.0,False
1,1747841383.5730805,10,0,-5,28.61153793334961,-109.9173355102539,-4.9809112548828125,-0.3818182349205017,1.269637942314148,0.018019195646047592,0.29020826847317704,-0.00457206443404695,1.8719640620636508,100.0,False
1,1747841383.8773417,12,0,-5,28.500837326049805,-109.53218078613281,-4.9774932861328125,-0.2118852138519287,0.6029069423675537,0.013475627638399601,0.22198952852621143,-0.03667903000411369,1.8168676697604722,100.0,False
1,1747841384.1850352,14.307496554632605,0.28165775305636354,-5.887799744806038,28.446516036987305,-109.36486053466797,-4.97216796875,-0.028973955661058426,0.0690160021185875,-0.005893019959330559,0.13253627954778602,-0.03912964252556364,1.7912671686592068,100.0,True
1,1747841384.4883788,17.069380195113254,1.0693801951132542,-3.930619804886746,28.438899993896484,-109.40141296386719,-4.96502685546875,0.007486303336918354,-0.20858918130397797,-0.022632570937275887,0.0504903595996259,-0.024178857067078317,1.7951771068746927,100.0,False
1,1747841384.8011148,18,0,-5,28.45639991760254,-109.5653076171875,-4.9556732177734375,0.05064087733626366,-0.33845752477645874,-0.041184164583683014,-0.013103250649824198,-0.041844285969286285,1.8220983954007994,100.0,False
1,1747841385.1083453,20,0,-5,28.50037956237793,-109.7912826538086,-4.948081970214844,0.08052177727222443,-0.3330298960208893,-0.05698534473776817,-0.06911469525844642,-0.04093975353487843,1.8491654596315874,100.0,False
1,1747841385.4121308,22,0,-5,28.55198860168457,-110.02667236328125,-4.9445343017578125,0.07218987494707108,-0.21157336235046387,-0.06707851588726044,-0.10862878422574365,-0.043499449965868825,1.86142415057447,100.0,False
1,1747841385.71591,24,0,-5,28.60621452331543,-110.24190521240234,-4.946563720703125,0.03335699066519737,0.016066215932369232,-0.07074973732233047,-0.12742631142787286,-0.037349022941061745,1.8557515302040335,100.0,False
1,1747841386.0208998,26,0,-5,28.640506744384766,-110.3553695678711,-4.955192565917969,-0.027707919478416443,0.2601590156555176,-0.0691010057926178,-0.12634967545429543,-0.032536020603434954,1.840202144571483,100.0,False
1,1747841386.3246014,30.440379924022007,3.6180584371160935,-1.9058791256093328,28.652868270874023,-110.36734008789062,-4.967887878417969,-0.08833719044923782,0.49092209339141846,-0.05992041155695915,-0.10631614144910971,-0.029211838301710983,1.8269393203012336,100.0,True
1,1747841386.6279032,30,0,-5,28.642913818359375,-110.28079986572266,-4.982597351074219,-0.1434871107339859,0.6792752742767334,-0.0490453839302063,-0.07216439556264763,-0.02766273163812222,1.8228910461213699,100.0,False
1,1747841386.9321883,32,0,-5,28.611278533935547,-110.09950256347656,-4.995796203613281,-0.1747080534696579,0.8031312823295593,-0.030997104942798615,-0.03070150744470708,-0.02809372254784254,1.8275451451594207,100.0,False
1,1747841387.23682,34,0,-5,28.563615798950195,-109.85519409179688,-5.004264831542969,-0.18669068813323975,0.8419041633605957,-0.01633624918758869,0.014783535282827383,-0.025779271019150524,1.836794689627464,100.0,False
1,1747841387.541797,36,0,-5,28.502973556518555,-109.57180786132812,-5.0088958740234375,-0.18355785310268402,0.7980619072914124,-0.0048670717515051365,0.05515643998843026,-0.02424776964105477,1.8440518508676398,100.0,False
1,1747841387.8469372,38,0,-5,28.433393478393555,-109.27246856689453,-5.009742736816406,-0.1634686142206192,0.6706750392913818,0.0031337940599769354,0.08726366610176364,-0.023507056820677216,1.8463516611857183,100.0,False
1,1747841388.150156,40,0,-5,28.360244750976562,-108.97633361816406,-5.0081634521484375,-0.1201496347784996,0.46202510595321655,0.00954534113407135,0.10860568997789041,-0.02274346607297975,1.8440487497441789,100.0,False
2,1747841389.45651,0,0,-5,28.234249114990234,-108.60982513427734,-4.9995269775390625,0.0876159518957138,-0.41771093010902405,0.009147661738097668,0.05954921930485759,-0.031784714357802765,1.8380478862349219,100.0,False
2,1747841389.761528,2,0,-5,28.25065803527832,-108.72032928466797,-4.998588562011719,0.11779674142599106,-0.5138327479362488,0.0030056629329919815,0.027161713753211105,-0.03382703950717828,1.8409361879367216,100.0,False
2,1747841390.064673,4,0,-5,28.279634475708008,-108.87371826171875,-4.997703552246094,0.13472744822502136,-0.5391656756401062,-0.0020877327769994736,-0.004164050559376917,-0.03534063670931177,1.8423879481685954,100.0,False
2,1747841390.3690593,6,0,-5,28.318220138549805,-109.04898071289062,-4.9972686767578125,0.1349332481622696,-0.5009264349937439,-0.004888487514108419,-0.03168295213171558,-0.0353192322950566,1.8420874400450298,100.0,False
2,1747841390.6726367,8,0,-5,28.361915588378906,-109.2290267944336,-4.996864318847656,0.11979249119758606,-0.4088541269302368,-0.007871885783970356,-0.0524989474284125,-0.03328510132103629,1.8402776291557388,100.0,False
2,1747841390.975875,10,0,-5,28.402429580688477,-109.38209533691406,-4.996589660644531,0.09148993343114853,-0.28013715147972107,-0.007958232425153255,-0.06256051641412627,-0.034661736642225424,1.837853362765486,100.0,False
2,1747841391.2792916,12,0,-5,28.438608169555664,-109.49848937988281,-4.996063232421875,0.06391346454620361,-0.13396653532981873,-0.005617402959614992,-0.06543758001959996,-0.032634613886094815,1.836728865017283,100.0,False
2,1747841391.5824943,18.50360252908687,5.3235721129563345,-1.9683769130558322,28.467044830322266,-109.56908416748047,-4.995391845703125,0.02852565422654152,0.014389144256711006,-0.004696203395724297,-0.05974626333384858,-0.030013602667522694,1.8371264299243109,100.0,True
2,1747841391.8875647,16,0,-5,28.48424530029297,-109.58463287353516,-4.995597839355469,-0.009708743542432785,0.15702761709690094,-0.0035128577146679163,-0.04647775922697519,-0.028680752117303962,1.838693779526249,100.0,False
2,1747841392.192492,18,0,-5,28.486648559570312,-109.54899597167969,-4.995887756347656,-0.039227258414030075,0.24930061399936676,-0.0017904734704643488,-0.028850845653990535,-0.027055909660679486,1.8400260573570013,100.0,False
2,1747841392.498556,20,0,-5,28.479175567626953,-109.47566223144531,-4.996101379394531,-0.06062311306595802,0.30352815985679626,-0.0012821336276829243,-0.008624534675962523,-0.025636487019782914,1.8406413853979788,100.0,False
2,1747841392.8044574,22,0,-5,28.46244239807129,-109.37181091308594,-4.99688720703125,-0.07212125509977341,0.3164791464805603,-0.0019428259693086147,0.011468033782061071,-0.024483621261934572,1.8405540584118303,100.0,False
2,1747841393.107554,24,0,-5,28.439373016357422,-109.25774383544922,-4.998085021972656,-0.0763917788863182,0.289927214384079,-0.0005049934843555093,0.028415733712576174,-0.024177187432572227,1.8400434972324025,100.0,False
2,1747841393.4145539,26,0,-5,28.41246223449707,-109.14517974853516,-4.9985198974609375,-0.07115482538938522,0.23180361092090607,0.0013895274605602026,0.04147729534196645,-0.024685145303166588,1.8395053260057594,100.0,False
2,1747841393.719897,25.226617363220697,-0.5170617997977129,-5.366489058865087,28.383819580078125,-109.04513549804688,-4.998802185058594,-0.058417949825525284,0.14443114399909973,0.0031168144196271896,0.048380798723420056,-0.026139524317236748,1.8393612916968258,100.0,True
2,1747841394.0233154,30,0,-5,28.35674476623535,-108.96798706054688,-4.9989471435546875,-0.03432662785053253,0.03891627490520477,0.004145539831370115,0.04894417844824238,-0.02762664180658094,1.8396013804377962,100.0,False
2,1747841394.3279302,32,0,-5,28.33877944946289,-108.93307495117188,-4.999168395996094,-0.012386566959321499,-0.0524611696600914,0.003615038236603141,0.04433190488519657,-0.02918654889421635,1.8399686404301876,100.0,False
2,1747841394.63264,34,0,-5,28.328048706054688,-108.93254852294922,-4.9995574951171875,0.009176785126328468,-0.13376130163669586,0.0049003916792571545,0.03451862284649481,-0.03138704674872009,1.8403523327634035,100.0,False
2,1747841394.9387677,36,0,-5,28.325862884521484,-108.96417236328125,-5.000144958496094,0.029707007110118866,-0.19398681819438934,0.0016265216981992126,0.021484189713496065,-0.03278317939804699,1.8406493099171077,100.0,False
2,1747841395.2457163,38,0,-5,28.331214904785156,-109.01956176757812,-5.000823974609375,0.04675912484526634,-0.2209242880344391,0.0020257257856428623,0.007809736148727829,-0.033226827920581,1.8404437892341576,100.0,False
2,1747841395.5514576,40,0,-5,28.34269142150879,-109.0912094116211,-5.001411437988281,0.05272715911269188,-0.223318412899971,0.001260395278222859,-0.005170904335156931,-0.033825620964491654,1.8399695967654772,100.0,False
3,1747841396.8592389,0,0,-5,28.426658630371094,-109.36952209472656,-5.0003662109375,0.023390857502818108,-0.0013227739837020636,0.002046596957370639,-0.027283101398967825,-0.02936199380803088,1.839320857368219,100.0,False
3,1747841397.1628406,2,0,-5,28.440563201904297,-109.38290405273438,-4.9996185302734375,0.005350745748728514,0.06128489598631859,0.0032696120906621218,-0.02257929684534529,-0.0274757360273794,1.8396327296608486,100.0,False
3,1747841397.46842,4,0,-5,28.44779396057129,-109.37457275390625,-4.9989013671875,-0.011089068837463856,0.1076175644993782,0.0028727767057716846,-0.015287975464002769,-0.026506263554410412,1.8395437743344056,100.0,False
3,1747841397.7723722,6,0,-5,28.449316024780273,-109.34881591796875,-4.998039245605469,-0.026514675468206406,0.13578908145427704,0.002821453148499131,-0.007495626413295692,-0.02568038454319535,1.8396133312768925,100.0,False
3,1747841398.0787244,8,0,-5,28.445575714111328,-109.30793762207031,-4.997467041015625,-0.03761312738060951,0.14799898862838745,0.0014076994266360998,0.0014462040954675045,-0.025564309555043137,1.8397431860029385,100.0,False
3,1747841398.3824306,10,0,-5,28.437171936035156,-109.25933074951172,-4.9967193603515625,-0.04208827391266823,0.14542938768863678,0.0010311915539205074,0.009064402776149519,-0.025140144494588644,1.8397047804719975,100.0,False
3,1747841398.6874185,12,0,-5,28.423931121826172,-109.20746612548828,-4.995597839355469,-0.04667790234088898,0.1253432035446167,0.0019967202097177505,0.016674301137672324,-0.02625913594421549,1.8397084945905153,100.0,False
3,1747841398.9916065,12.366864976057444,2.66352413552098,-4.887238871757143,28.406230926513672,-109.1541976928711,-4.994544982910156,-0.04115239530801773,0.09012676775455475,-0.00017191444931086153,0.0211937577079758,-0.02701798400555178,1.8396816221503183,100.0,True
3,1747841399.2965229,16,0,-5,28.38827133178711,-109.11590576171875,-4.993682861328125,-0.03565610200166702,0.04693756252527237,0.000405918515753001,0.023003496721531375,-0.02887391206526503,1.839738225919278,100.0,False
3,1747841399.5994966,18,0,-5,28.372159957885742,-109.09239196777344,-4.9927978515625,-0.025257853791117668,0.003056324552744627,-0.000946194224525243,0.02242191454052106,-0.030883730455114944,1.839951547628819,100.0,False
3,1747841399.9030051,17.795578399145043,-2.2044216008549586,-7.204421600854959,28.359668731689453,-109.08423614501953,-4.99200439453125,-0.01081592496484518,-0.03656937554478645,-0.0028546787798404694,0.019063528462440683,-0.0322678309848074,1.8401929855093515,100.0,False
3,1747841400.2087822,22,0,-5,28.351743698120117,-109.08982849121094,-4.991752624511719,0.004954437259584665,-0.0679100975394249,-0.004767098929733038,0.014278125223403899,-0.03311586048050733,1.8402212928196733,100.0,False
3,1747841400.5155132,24,0,-5,28.349729537963867,-109.107666015625,-4.9915008544921875,0.018590517342090607,-0.08713661879301071,-0.004563046153634787,0.0083492954500713,-0.0333016997261589,1.839970409332631,100.0,False
3,1747841401.8179445,26,0,-5,28.385414123535156,-109.24229431152344,-4.992393493652344,0.03271816670894623,-0.04446926712989807,-0.005174681544303894,-0.01067374488273744,-0.030393739327024955,1.8396129451641638,100.0,False
3,1747841402.1244094,28.778876031618488,-0.10429268419278159,-4.78045404489427,28.4000301361084,-109.26644897460938,-4.992103576660156,0.02640940435230732,-0.01296904031187296,-0.004434091970324516,-0.011371936243736669,-0.028939718562580246,1.8398108402764561,100.0,True
3,1747841402.4282172,30,0,-5,28.411788940429688,-109.27818298339844,-4.9920196533203125,0.015998052433133125,0.0158961471170187,-0.0023364759981632233,-0.010591530218190327,-0.027599082545457353,1.8397817908679004,100.0,False
3,1747841402.7310894,32,0,-5,28.419757843017578,-109.2796630859375,-4.992652893066406,0.0034701363183557987,0.039830103516578674,-0.004780203569680452,-0.007544720479689419,-0.027413573486159065,1.8397313239142659,100.0,False
3,1747841403.0380168,34,0,-5,28.424713134765625,-109.27330017089844,-4.993507385253906,-0.006898053921759129,0.0575186125934124,-0.0038232221268117428,-0.004409324067798554,-0.026799297314460433,1.8395033942580155,100.0,False
3,1747841403.3409948,36,0,-5,28.425382614135742,-109.26004791259766,-4.993980407714844,-0.015427647158503532,0.06370453536510468,-0.0028379426803439856,-0.0011219891847810257,-0.026824834481699776,1.8393581254181433,100.0,False
3,1747841403.6454167,38,0,-5,28.423107147216797,-109.24172973632812,-4.9943389892578125,-0.021866118535399437,0.06771150231361389,-0.000529647630173713,0.0024561769953023722,-0.027493478297421194,1.839477582183335,100.0,False
3,1747841403.9518313,43.363532405310835,3.363532405310835,-1.6364675946891651,28.41938018798828,-109.21907043457031,-4.9950714111328125,-0.024181021377444267,0.06400664150714874,-0.0016448369715362787,0.006124704879780269,-0.02700761949020146,1.8396673230916751,100.0,False
4,1747841405.262581,0,0,-5,28.38728904724121,-109.14771270751953,-4.997352600097656,-0.013861642219126225,-0.013468962162733078,-0.00039252827991731465,0.010346299637571431,-0.029786852567164037,1.8398350854889642,100.0,False
4,1747841405.5667512,2,0,-5,28.379114151000977,-109.1480941772461,-4.9981231689453125,-0.010260874405503273,-0.028142321854829788,0.00020890997257083654,0.008409105644488352,-0.03129514314906837,1.8397307878213476,100.0,False
4,1747841405.8706646,4,0,-5,28.372159957885742,-109.15254211425781,-4.998931884765625,-0.004300679545849562,-0.03599797934293747,0.0009402087889611721,0.006729993236771397,-0.03264775866672154,1.8396154954118744,100.0,False
4,1747841406.1750052,6,0,-5,28.367984771728516,-109.16132354736328,-4.999870300292969,0.004264649469405413,-0.04075974225997925,0.0004212685744278133,0.004634801673181748,-0.03291552257419205,1.8395985898327962,100.0,False
4,1747841406.4793856,8,0,-5,28.36740493774414,-109.17308807373047,-5.000335693359375,0.012530934065580368,-0.03917815163731575,0.002605252666398883,-0.00010304087091376815,-0.03215766039794318,1.8398966998823048,100.0,False
4,1747841406.78242,5.0712288302726725,-4.9287711697273275,-9.928771169727327,28.368452072143555,-109.18502044677734,-5.000999450683594,0.01565590500831604,-0.03231780603528023,0.002181433141231537,0.0021961042521077517,-0.032073514181985535,1.8399682349129611,100.0,False
4,1747841407.08541,12,0,-5,28.371803283691406,-109.19841003417969,-5.000907897949219,0.02022259496152401,-0.02785458043217659,0.00393363181501627,-9.479844821611451e-06,-0.031637789036380405,1.8400038592782815,100.0,False
1,1747841532.9940317,0,0,-5,-0.026621010154485703,0.10429782420396805,-4.8002777099609375,-0.055725615471601486,-0.07347354292869568,-0.600446343421936,0.00480695446637694,-0.010040645488008574,-3.104194784103667,100.0,False
1,1747841535.1691222,2,0,-5,1.9267573356628418,-0.02251696027815342,-4.973503112792969,0.9414569139480591,0.0002749666746240109,0.12800677120685577,-0.12630094702213548,-0.018206125958658205,3.087342097280537,100.0,False
1,1747841536.694706,4,0,-5,3.8374598026275635,-0.0483495369553566,-4.878364562988281,0.820493757724762,-0.0025207309518009424,-0.0999344140291214,-0.10563063874453488,-0.023595880248225697,3.0846317405156185,100.0,False
1,1747841540.5356193,6,0,-5,6.271317958831787,-0.11198441684246063,-4.441078186035156,0.002166114514693618,-0.18242613971233368,0.7762086391448975,-0.0009823933808968753,-0.00013210018748534554,3.1035855624941715,100.0,False
1,1747841540.8390348,8,0,-5,6.225229740142822,-0.1672930121421814,-4.214996337890625,-0.030700989067554474,-0.24424132704734802,0.8032928705215454,-0.0007232612320227969,-9.700508049510727e-05,3.100569083695223,100.0,False
1,1747841541.1430647,10.267593273724758,0.26759327372475816,-4.732406726275242,6.17832612991333,-0.2412160187959671,-3.9810256958007812,-0.05401946231722832,-0.30741938948631287,0.8106774687767029,-0.0004716982182158659,-5.653279590691561e-05,3.0986531419858148,100.0,False
1,1747841541.446958,12,0,-5,6.133273601531982,-0.3355686068534851,-3.7400054931640625,-0.06868906319141388,-0.3696801960468292,0.8017730116844177,-0.00040673254381333343,2.9058749907256747e-05,3.097401940872219,100.0,False
1,1747841541.7498984,13.208759067537866,1.637079719287871,-4.3295362432646085,6.0912184715271,-0.45473596453666687,-3.4896697998046875,-0.07718876749277115,-0.43823912739753723,0.7881965637207031,-0.00020892446683617107,-2.548370257811856e-05,3.0966213499049196,100.0,True
1,1747841542.0528514,16,0,-5,6.05222225189209,-0.6111276149749756,-3.2187118530273438,-0.07878872752189636,-0.5140193104743958,0.771532416343689,-0.00013317385466665968,2.9552508476024087e-05,3.0961535803103883,100.0,False
1,1747841542.3559923,18,0,-5,6.0241570472717285,-0.7724436521530151,-2.9805145263671875,-0.07399602979421616,-0.5795536637306213,0.7523581981658936,-9.060020567334837e-05,1.7638499703756245e-05,3.096070607443339,100.0,False
1,1747841542.6593,20,0,-5,6.0024566650390625,-0.9547315835952759,-2.7473526000976562,-0.06646794825792313,-0.6485152244567871,0.7369747757911682,-6.169870279955028e-05,-1.0585293977804529e-05,3.0961345091935426,100.0,False
1,1747841543.9633844,22,0,-5,5.980086803436279,-2.0020816326141357,-1.7754745483398438,-0.002743538236245513,-0.9493200778961182,0.6963964104652405,8.373593998665471e-05,-3.8417440362239654e-07,3.0967567812036503,100.0,False
1,1747841544.2683105,24,0,-5,5.989166259765625,-2.2950963973999023,-1.5633087158203125,0.01188561599701643,-1.0158379077911377,0.6923593282699585,0.00014016186917302804,6.512141135260111e-05,3.0967114786701497,100.0,False
1,1747841544.572914,26,0,-5,6.002721309661865,-2.6077661514282227,-1.3532638549804688,0.027842948213219643,-1.0842068195343018,0.6901163458824158,6.91853680689614e-05,-2.9214886239811066e-05,3.0967210173988375,100.0,False
1,1747841544.8755848,28.59981625835784,2.9143987308963464,-4.461780023851332,6.021505832672119,-2.9505228996276855,-1.1390457153320312,0.04412774741649628,-1.1536786556243896,0.6887521147727966,7.026592548335454e-05,-3.4605089939768804e-08,3.096749152795865,100.0,True
1,1747841545.1803482,30,0,-5,6.044300556182861,-3.303222179412842,-0.932464599609375,0.05869933217763901,-1.2204563617706299,0.6904692053794861,0.00011238256771308478,-1.5517183295706833e-05,3.0968454624557986,100.0,False
1,1747841545.4834864,32,0,-5,6.070980548858643,-3.675387144088745,-0.7264938354492188,0.07235714793205261,-1.2867170572280884,0.690515398979187,0.0001225579569870832,6.9469070612280454e-06,3.0969584828869925,100.0,False
1,1747841546.786451,34,0,-5,6.235278606414795,-5.535284042358398,0.1758575439453125,0.1366889923810959,-1.5685300827026367,0.6992589831352234,-9.029828559391207e-06,-3.8020346711808317e-05,3.0972216858195285,100.0,False
1,1747841547.0901628,36,0,-5,6.286009788513184,-6.067996025085449,0.406036376953125,0.14804117381572723,-1.63877272605896,0.7000895142555237,3.5069377071544845e-05,-2.6084411383523844e-05,3.09729512030394,100.0,False
1,1747841547.3955858,38,0,-5,6.33383846282959,-6.562934398651123,0.6120071411132812,0.15740631520748138,-1.7013859748840332,0.7008355855941772,-1.938113806453605e-05,9.42788083692716e-06,3.097374286737442,100.0,False
1,1747841547.6987345,40,0,-5,6.3860602378845215,-7.092438697814941,0.825042724609375,0.1678551882505417,-1.76535964012146,0.7026257514953613,4.9454969524128784e-05,3.1967724893057405e-05,3.0974620227395193,100.0,False
2,1747841549.0064347,0,0,-5,6.642388820648193,-9.55255126953125,1.7283096313476562,0.21233324706554413,-2.033202886581421,0.7035934925079346,-2.753100996767577e-05,-0.0003645747700145252,3.097213115900042,100.0,False
2,1747841549.3096793,2,0,-5,6.707748889923096,-10.165010452270508,1.9362945556640625,0.2214314490556717,-2.0937328338623047,0.7054400444030762,8.85685744413353e-06,-0.00019377060670002942,3.0972669934528696,100.0,False
2,1747841549.614603,4,0,-5,6.777915000915527,-10.814596176147461,2.151641845703125,0.2300325483083725,-2.154712438583374,0.7061687707901001,-1.7357763864115786e-05,-0.0001927910154741382,3.097393831629191,100.0,False
2,1747841549.9177606,6,0,-5,6.848803520202637,-11.462735176086426,2.3604354858398438,0.23937760293483734,-2.214405059814453,0.7035810351371765,1.26512445406675e-06,-4.0608627764835166e-05,3.097559766488941,100.0,False
2,1747841550.2250035,8,0,-5,6.9315009117126465,-12.210282325744629,2.5943603515625,0.251874178647995,-2.2811625003814697,0.7059174180030823,0.0027441467893145684,-5.569485238686651e-05,3.0977261883849625,100.0,False
2,1747841550.5285606,5.580951478491405,-4.419048521508595,-9.419048521508595,7.009356498718262,-12.895490646362305,2.8033981323242188,0.26587575674057007,-2.339933395385742,0.7037755250930786,-0.0004971705146917298,1.3451023316581746e-05,3.0978034335688354,100.0,False
2,1747841550.8335283,12,0,-5,7.091732025146484,-13.6194486618042,3.018157958984375,0.27344927191734314,-2.400667667388916,0.7031354308128357,-0.0007456763024037978,2.2280763856795982e-05,3.098040885707187,100.0,False
2,1747841551.1389189,13.596992582500187,1.2739514630975854,-4.1078189351181535,7.174314022064209,-14.339287757873535,3.2258453369140625,0.2809905707836151,-2.459327459335327,0.703039824962616,-0.0004123350460218415,-8.00050307810305e-06,3.0982239970248258,100.0,True
2,1747841551.443983,16,0,-5,7.259294033050537,-15.075329780578613,3.4326324462890625,0.2876972556114197,-2.5134806632995605,0.7016452550888062,-0.0002924410392471811,-2.4344715884362186e-05,3.0982278200232978,100.0,False
2,1747841551.7492864,18,0,-5,7.3497514724731445,-15.850679397583008,3.645416259765625,0.29768478870391846,-2.569714069366455,0.7019902467727661,-0.00018380746461916036,-2.4882820298235574e-05,3.0982726468430553,100.0,False
2,1747841552.0543847,20,0,-5,7.439822196960449,-16.6197452545166,3.8521652221679688,0.3053894639015198,-2.624803066253662,0.7019860148429871,-0.00016120757377646532,1.459677794538834e-05,3.098299338111002,100.0,False
2,1747841552.3596067,22,0,-5,7.543285846710205,-17.50156021118164,4.0845947265625,0.31398722529411316,-2.687298059463501,0.7030871510505676,-0.00010182689439297687,-7.545105583479936e-06,3.0982917113004578,100.0,False
2,1747841552.664684,23.365137752706026,-0.6348622472939747,-5.634862247293975,7.638603687286377,-18.305339813232422,4.292518615722656,0.3237822949886322,-2.741619825363159,0.70415198802948,-4.498802762885148e-05,-4.710035392783231e-05,3.098269307319999,100.0,False
2,1747841552.971772,26,0,-5,7.739790916442871,-19.14963722229004,4.507591247558594,0.33360952138900757,-2.794374465942383,0.705344557762146,-4.5732245421850074e-05,-0.00010983056951746032,3.0982511753131026,100.0,False
1,1747842567.847137,0,0,-5,3.53505539894104,-1.05462646484375,-2.3299407958984375,0.49725639820098877,0.0318126305937767,-1.2897248268127441,0.34069222334490307,0.037689291300799566,-2.979553820564877,100.0,False
1,1747842568.9042182,2,0,-5,4.989656925201416,-0.8879042863845825,-4.242851257324219,0.6639403104782104,0.49514421820640564,-1.3545390367507935,0.207591111936472,0.03146237372422416,-3.10535778858995,100.0,False
1,1747842569.954766,4,0,-5,6.162128925323486,-0.36678367853164673,-5.09832763671875,0.05988388508558273,0.6317332983016968,-0.25470849871635437,0.5858097700518399,0.0574126973565272,-3.1292513889262117,100.0,False
1,1747842570.2595048,6,0,-5,6.699743747711182,-0.1745101809501648,-5.089241027832031,2.8529748916625977,0.542813777923584,1.0921825170516968,1.0918386130710815,0.07012186011435928,-3.0998259826504375,100.0,False
1,1747842570.774245,8,0,-5,8.838762283325195,0.06107800826430321,-4.808685302734375,3.702633857727051,0.19203916192054749,-0.02216455154120922,-0.6773213731393769,0.038212143551448384,3.1165006882408184,100.0,False
1,1747842573.008609,10,0,-5,8.514474868774414,0.30527520179748535,-3.991180419921875,-1.0228089094161987,0.02444739080965519,0.7527844309806824,0.003746646492151479,-0.00020579721208282642,-3.0542828059679983,100.0,False
1,1747842573.3221655,12,0,-5,7.968135833740234,0.3002479672431946,-3.7574005126953125,-1.1362950801849365,0.03655742481350899,0.7610524296760559,0.0022472122015623074,-5.3777479259949825e-05,-3.053499825669802,100.0,False
1,1747842573.625096,11.341785803766303,1.0296412151032337,-4.598709290790503,7.450191974639893,0.2987011671066284,-3.5255508422851562,-1.209995985031128,0.04857039079070091,0.7510881423950195,0.001352059040010199,7.659264594118634e-06,-3.0528987890693906,100.0,True
1,1747842573.9305532,12.413292735115732,-3.586707264884267,-8.586707264884268,6.954311370849609,0.301041841506958,-3.2942733764648438,-1.2617430686950684,0.061340730637311935,0.7382131814956665,0.0008422856010400822,3.2585657959886e-05,-3.0524243185104827,100.0,False
1,1747842574.2354074,18,0,-5,6.469214916229248,0.30807554721832275,-3.0583953857421875,-1.2874157428741455,0.07497648149728775,0.7250735759735107,0.0005097599462221574,0.00010015964634140236,-3.052134635009972,100.0,False
1,1747842574.5403714,20,0,-5,5.9738545417785645,0.32236868143081665,-2.8056411743164062,-1.2896236181259155,0.08899911493062973,0.7096233367919922,0.00036964796775664237,6.433336689872765e-05,-3.0521050846699525,100.0,False
1,1747842574.8432243,22,0,-5,5.560368061065674,0.341335266828537,-2.5846023559570312,-1.2735410928726196,0.10468601435422897,0.6974348425865173,0.0003352344339592629,0.0001257797574605864,-3.0521243950031565,100.0,False
1,1747842575.1489701,24,0,-5,5.171850681304932,0.36718907952308655,-2.3669204711914062,-1.2465753555297852,0.12154019623994827,0.689592182636261,0.0002765115947371074,7.147259557243137e-05,-3.052214778313937,100.0,False
1,1747842575.4528072,26,0,-5,4.796717643737793,0.4013756811618805,-2.1454620361328125,-1.2078816890716553,0.1391412615776062,0.6824798583984375,0.0002916624026730591,7.495067042595633e-05,-3.0524700913981455,100.0,False
1,1747842575.7583528,27.521026108968677,1.7645941169184862,-5.328935313058637,4.456396579742432,0.44165948033332825,-1.933319091796875,-1.1609258651733398,0.15816950798034668,0.6773635745048523,0.0003481158888926694,3.682486457760828e-05,-3.052613134075143,100.0,True
1,1747842576.0629857,30,0,-5,4.13768196105957,0.4892033338546753,-1.7230987548828125,-1.1091134548187256,0.17869271337985992,0.6760982275009155,0.0003673345969728661,6.402785367759192e-05,-3.0527490322161035,100.0,False
1,1747842576.3663912,32,0,-5,3.8304314613342285,0.5460495948791504,-1.5079421997070312,-1.0520681142807007,0.19869765639305115,0.6757272481918335,0.0003754306720879059,5.585375326355716e-05,-3.0529216678111193,100.0,False
1,1747842576.669868,34,0,-5,3.550812005996704,0.6083073616027832,-1.300537109375,-0.9971683025360107,0.2191251814365387,0.6742475032806396,0.0003572412712715246,4.796356404829067e-05,-3.053050639257887,100.0,False
1,1747842576.9755473,34.73381388149977,-1.266186118500232,-6.266186118500232,3.2563798427581787,0.6866945624351501,-1.069732666015625,-0.9379618167877197,0.24443276226520538,0.6738674640655518,0.0003141779529315044,-7.14110952692442e-05,-3.0531815206702873,100.0,False
1,1747842577.2810607,38,0,-5,3.009315252304077,0.7641510963439941,-0.8644790649414062,-0.8869943022727966,0.26412951946258545,0.6746892333030701,0.00030794175352311445,2.3102222282351735e-05,-3.0533610782694356,100.0,False
1,1747842577.5845282,40,0,-5,2.769150733947754,0.8507629632949829,-0.6534271240234375,-0.8341976404190063,0.28628861904144287,0.6759542226791382,0.0002616895791403295,-7.971483687532008e-06,-3.0534135102913873,100.0,False
2,1747842578.892196,0,0,-5,1.8853700160980225,1.2943415641784668,0.24048614501953125,-0.6659598350524902,0.3763599991798401,0.6825512051582336,0.0008219721308134715,-0.0005673945439048036,-3.0537866198912043,100.0,False
2,1747842579.1959598,2,0,-5,1.7572519779205322,1.3763870000839233,0.403411865234375,-0.590490460395813,0.35854944586753845,0.6550379991531372,0.0030265251425199407,0.0009194833647315763,-3.054310689320127,100.0,False
2,1747842579.5016868,4,0,-5,1.7661516666412354,1.3807246685028076,0.4698944091796875,-0.41255444288253784,0.27333423495292664,0.5764291286468506,0.008591477216437387,0.004960938001381474,-3.0554641609137114,100.0,False
2,1747842579.8087602,6,0,-5,1.8523179292678833,1.3402584791183472,0.4776763916015625,-0.21100273728370667,0.1711212545633316,0.47975996136665344,0.012952601661276927,0.0084184686912565,-3.056162717255114,100.0,False
2,1747842580.1115563,8,0,-5,1.9448635578155518,1.2927302122116089,0.45672607421875,-0.06573475152254105,0.09376455098390579,0.39919719099998474,0.015422009222953108,0.010652773194067109,-3.056530352802261,100.0,False
2,1747842580.4157581,10,0,-5,2.0299227237701416,1.2476613521575928,0.4229736328125,0.044106148183345795,0.03341001644730568,0.3268042206764221,0.016610699401989046,0.01208526176860956,-3.056817419938773,100.0,False
2,1747842580.719888,12,0,-5,2.101954698562622,1.2080358266830444,0.381500244140625,0.12272436171770096,-0.014103269204497337,0.26000916957855225,0.017012113175098462,0.013010088338788802,-3.0571323646378623,100.0,False
2,1747842581.0236855,16.193153493329355,0.5346386792831019,-4.13944656565994,2.155517101287842,1.1769596338272095,0.3387451171875,0.1717671900987625,-0.04667336121201515,0.20453138649463654,0.016753837892496286,0.013475044073408852,-3.0574494668449135,100.0,True
2,1747842581.3289473,16,0,-5,2.1948161125183105,1.1530840396881104,0.295806884765625,0.19917407631874084,-0.06865857541561127,0.15812325477600098,0.015973313289410207,0.013532433835721449,-3.0577298345233856,100.0,False
2,1747842581.6340528,18,0,-5,2.2227213382720947,1.1349318027496338,0.25312042236328125,0.2133801132440567,-0.0824727788567543,0.11817552894353867,0.014932013503601498,0.013377965381375579,-3.0579398794634374,100.0,False
2,1747842581.939214,20,0,-5,2.240560531616211,1.1223810911178589,0.21353912353515625,0.21580380201339722,-0.08988432586193085,0.08220416307449341,0.013696394209053418,0.013029705002660303,-3.058189046582218,100.0,False
2,1747842582.2427454,22,0,-5,2.251704216003418,1.1134556531906128,0.1712188720703125,0.20714563131332397,-0.09087271988391876,0.05033324658870697,0.012247448881200187,0.01258697468835289,-3.058390496414299,100.0,False
2,1747842582.5472968,24,0,-5,2.256054401397705,1.1088885068893433,0.13671875,0.19540055096149445,-0.08794527500867844,0.026545926928520203,0.010831603562718098,0.012080871593062802,-3.058497803424477,100.0,False
2,1747842582.8537796,26,0,-5,2.2554476261138916,1.1064245700836182,0.104034423828125,0.17524836957454681,-0.08487962186336517,0.0072999862022697926,0.009474228760642993,0.011469367526027568,-3.058539046291565,100.0,False
2,1747842583.1580365,30.660031177820052,0.6772709314074428,-5.43622614168968,2.251805067062378,1.105338215827942,0.0757598876953125,0.15653222799301147,-0.08041349798440933,-0.007844110019505024,0.008121411236693741,0.010887867719612417,-3.0587090091744393,100.0,True
2,1747842583.4632638,30,0,-5,2.2466955184936523,1.1059151887893677,0.05031585693359375,0.13749612867832184,-0.0717194452881813,-0.02079813741147518,0.006778146639596888,0.010287430527981735,-3.0588160785017573,100.0,False
2,1747842583.7671452,32,0,-5,2.240032911300659,1.1076542139053345,0.02703094482421875,0.11759442090988159,-0.0655631348490715,-0.0307720135897398,0.005592301281946952,0.009709746011095605,-3.0588945199103557,100.0,False
2,1747842584.0702903,34,0,-5,2.233175039291382,1.1095610857009888,0.0075836181640625,0.09899040311574936,-0.058744877576828,-0.035431116819381714,0.00455621113232178,0.009183136401389215,-3.0587824634497083,100.0,False
2,1747842584.375456,36,0,-5,2.224777936935425,1.1122643947601318,-0.01012420654296875,0.07976333796977997,-0.05033300444483757,-0.0384388193488121,0.003614937270048441,0.008670294977372267,-3.058825138014725,100.0,False
2,1747842584.6799326,38,0,-5,2.21791410446167,1.1154670715332031,-0.02329254150390625,0.06410425901412964,-0.040425293147563934,-0.040012288838624954,0.0028209473793797237,0.008190076668004927,-3.0589050018404946,100.0,False
2,1747842584.98353,40,0,-5,2.211087703704834,1.1191099882125854,-0.03464508056640625,0.05084926635026932,-0.03333079069852829,-0.04048015922307968,0.00218311969834105,0.007759763525839605,-3.05899179428831,100.0,False
3,1747842587.288716,0,0,-5,2.1804022789001465,1.1341798305511475,-0.0714874267578125,-0.0031661740504205227,-0.00801947433501482,-0.03225885331630707,-0.00089223880567563,0.006263995555983891,-3.0586167725944216,100.0,False
3,1747842587.5942004,2,0,-5,2.178797483444214,1.1347267627716064,-0.0724334716796875,-0.004954364616423845,-0.005980646703392267,-0.030582936480641365,-0.0011119634094050364,0.006195155341371625,-3.0586134300889074,100.0,False
3,1747842587.8983364,4,0,-5,2.177886962890625,1.1355743408203125,-0.07312774658203125,-0.00643455795943737,-0.0035442134831100702,-0.027234584093093872,-0.0012591630732751487,0.006136882261672949,-3.0586604079086643,100.0,False
3,1747842588.2059836,6,0,-5,2.1766018867492676,1.1364219188690186,-0.0729217529296875,-0.009167607873678207,-0.003337716218084097,-0.024808187037706375,-0.001354335568123114,0.006077500448230633,-3.05870188219916,100.0,False
3,1747842588.5130053,8,0,-5,2.17573881149292,1.1368932723999023,-0.07251739501953125,-0.009978044778108597,-0.003699866123497486,-0.024061450734734535,-0.0014010492077729919,0.0060897188621671546,-3.058722150191854,100.0,False
3,1747842588.8182964,10,0,-5,2.175062417984009,1.1367337703704834,-0.0725250244140625,-0.01137775182723999,-0.00490961130708456,-0.025067215785384178,-0.0014333354645330906,0.006000427549788345,-3.058720969573715,100.0,False
3,1747842589.1229832,12,0,-5,2.1748030185699463,1.1368153095245361,-0.07285308837890625,-0.01014101691544056,-0.0034594933968037367,-0.023870036005973816,-0.0015021446421368228,0.006034884920321371,-3.058555261844496,100.0,False
3,1747842589.4261632,15.09494665063566,-2.478726874593737,-4.368649771930976,2.1743760108947754,1.1372346878051758,-0.072723388671875,-0.01303432323038578,-0.0021340851671993732,-0.022372620180249214,-0.001523735799451528,0.006020091550892817,-3.058504466899762,100.0,True
3,1747842589.7293377,16,0,-5,2.1740970611572266,1.1379497051239014,-0.072296142578125,-0.011182909831404686,-0.0006735020433552563,-0.01901884190738201,-0.0015367817294986998,0.0059625354467072,-3.058640125882616,100.0,False
3,1747842590.0324242,18,0,-5,2.174398422241211,1.138339877128601,-0.07152557373046875,-0.010457947850227356,-7.158477819757536e-05,-0.018297355622053146,-0.0015341216698678255,0.005943731973223315,-3.0586336890927064,100.0,False
3,1747842590.336664,20,0,-5,2.1748621463775635,1.1381666660308838,-0.07100677490234375,-0.00963655300438404,-0.002940115751698613,-0.017785830423235893,-0.0015196037469399817,0.005948260667858115,-3.058689704194505,100.0,False
3,1747842590.6397867,22,0,-5,2.17516827583313,1.1376454830169678,-0.07035064697265625,-0.008564099669456482,-0.003442225279286504,-0.015243932604789734,-0.0015255567569536855,0.005977938471839096,-3.058601760801164,100.0,False
3,1747842590.943209,24,0,-5,2.1756765842437744,1.1375411748886108,-0.0695037841796875,-0.00859661865979433,-0.0018929977668449283,-0.015471771359443665,-0.001495628569869637,0.005946533334539961,-3.058523061247762,100.0,False
3,1747842591.2488673,26,0,-5,2.1757280826568604,1.1372555494308472,-0.06861114501953125,-0.007964546792209148,-0.004619221668690443,-0.014178927056491375,-0.001451812778784355,0.005915270601521944,-3.058506369467431,100.0,False
3,1747842591.5533617,26.588357132078897,-1.9078792775688287,-5.774060685161183,2.176058053970337,1.1366740465164185,-0.0679779052734375,-0.007000757846981287,-0.0048277368769049644,-0.013661578297615051,-0.0014389071874949786,0.005914386736680096,-3.0583938580109984,100.0,True
3,1747842591.8567271,26.930425125656107,-3.0695748743438935,-8.069574874343893,2.1761538982391357,1.1365299224853516,-0.06703948974609375,-0.0076059624552726746,-0.0034912906121462584,-0.012011129409074783,-0.0015015427878973429,0.005848526786158901,-3.058222630230099,100.0,False
3,1747842592.1602046,36.456758692804826,4.456758692804824,-0.543241307195176,2.1764543056488037,1.136947512626648,-0.06580352783203125,-0.004786152858287096,-0.0017743101343512535,-0.010495410300791264,-0.001501799683689312,0.005822523579106067,-3.058172115595437,100.0,False
3,1747842592.464414,34,0,-5,2.177229642868042,1.1375813484191895,-0.06435394287109375,-0.0036641345359385014,-0.0007780361920595169,-0.009186004288494587,-0.0014914753818050712,0.0057433058728016875,-3.0582198036128134,100.0,False
3,1747842592.7693858,31.783770568873972,-4.216229431126028,-9.216229431126028,2.1777148246765137,1.1378086805343628,-0.06371307373046875,-0.003916705027222633,-0.001952450373210013,-0.012995084747672081,-0.0015630360653339018,0.005677609227352684,-3.0582417197782465,100.0,False
3,1747842593.0722704,38,0,-5,2.1777098178863525,1.1377917528152466,-0.06417083740234375,-0.004818952642381191,-0.0018793586641550064,-0.014136308804154396,-0.0016624235823208351,0.0056393011891691155,-3.058227420257153,100.0,False
3,1747842593.377489,35.89046576029319,-4.109534239706808,-9.109534239706807,2.1777355670928955,1.1378313302993774,-0.0648040771484375,-0.003627476980909705,-0.0016208271263167262,-0.013772739097476006,-0.0017323664712554471,0.005634625792689035,-3.0583225657624875,100.0,False
4,1747842594.6865857,0,0,-5,2.17769193649292,1.1389797925949097,-0.06496429443359375,-0.0051796045154333115,0.0017077738884836435,-0.014394856989383698,-0.0018625976730845778,0.005597554169137553,-3.0583034777266156,100.0,False
4,1747842594.9913568,2,0,-5,2.1776528358459473,1.1391316652297974,-0.06558990478515625,-0.004522866569459438,0.0006544635980390012,-0.015412421897053719,-0.0018829819677906394,0.00562883722273777,-3.0582400713727442,100.0,False
4,1747842595.295657,4,0,-5,2.1774351596832275,1.138931393623352,-0.06626129150390625,-0.005667278543114662,-0.0007101312512531877,-0.017179595306515694,-0.0018550011586893833,0.005634752856011401,-3.0581683058221336,100.0,False
4,1747842597.6000795,6,0,-5,2.176044464111328,1.1372803449630737,-0.06566619873046875,-0.006713688373565674,-0.002041217405349016,-0.013266551308333874,-0.0018724072617275123,0.0058753438866100925,-3.0583087282672032,100.0,False
4,1747842597.9035568,8,0,-5,2.1762614250183105,1.1378138065338135,-0.0652923583984375,-0.007281438913196325,-0.0016674224752932787,-0.012640631757676601,-0.0018972638883039098,0.005842367351513439,-3.05829442407124,100.0,False
4,1747842598.2075171,10,0,-5,2.176483631134033,1.137898325920105,-0.064971923828125,-0.005761647131294012,-0.0010950686410069466,-0.011802437715232372,-0.0018354716041029773,0.005858577451416533,-3.058292291726648,100.0,False
4,1747842598.5126975,12,0,-5,2.176635265350342,1.1383945941925049,-0.06427001953125,-0.006363642401993275,-0.0006593593861907721,-0.010609905235469341,-0.0017707457048714277,0.005896357778275327,-3.0582419839309716,100.0,False
4,1747842598.81842,16.330644152649484,-1.2542864079631684,-5.475303878087402,2.176785945892334,1.1383867263793945,-0.06395721435546875,-0.006707420106977224,-0.0006366193410940468,-0.012434367090463638,-0.0017529259484616406,0.006008017168568149,-3.0583220781299127,100.0,True
4,1747842599.1236565,16,0,-5,2.176663637161255,1.1384763717651367,-0.0632171630859375,-0.00622583506628871,-0.0011494115460664034,-0.009006327949464321,-0.001720093989750377,0.005954246059987493,-3.058429856264586,100.0,False
4,1747842599.4279668,18,0,-5,2.176633596420288,1.1381579637527466,-0.06215667724609375,-0.005794414319097996,-0.003613527864217758,-0.008235976099967957,-0.0017397322149168214,0.005998862036760092,-3.0581537552085334,100.0,False
4,1747842599.7329752,20,0,-5,2.17690372467041,1.1373902559280396,-0.06148529052734375,-0.0053047607652843,-0.0033607908990234137,-0.007682544179260731,-0.0017374051302863644,0.006074921152260541,-3.0578173592864792,100.0,False
4,1747842600.0359132,22,0,-5,2.1768271923065186,1.1373441219329834,-0.06139373779296875,-0.005710818339139223,-0.001825519371777773,-0.008929313160479069,-0.0017450782909353504,0.006090736948356936,-3.0577829945833765,100.0,False
4,1747842600.3413708,24,0,-5,2.1766648292541504,1.1377507448196411,-0.06142425537109375,-0.006540792994201183,-0.0013549133436754346,-0.01064835675060749,-0.0017535016224630995,0.006031192154432886,-3.0580698430446276,100.0,False
4,1747842600.6444998,26,0,-5,2.17682147026062,1.1379939317703247,-0.06177520751953125,-0.00542139308527112,-0.000600307306740433,-0.01048167422413826,-0.0017063898121657017,0.006038203850715327,-3.0579296392752364,100.0,False
4,1747842600.9475827,29.00664042974174,-2.9704180242681173,-5.082484596750694,2.1771132946014404,1.1383415460586548,-0.06194305419921875,-0.005327543709427118,-0.0005273575661703944,-0.010357401333749294,-0.0016662655933509076,0.00606834324177873,-3.057958494463281,100.0,True
4,1747842601.2525334,30,0,-5,2.177126884460449,1.1382538080215454,-0.06201934814453125,-0.005134213250130415,-0.001480528269894421,-0.010850651189684868,-0.001608097850739773,0.006066759209955185,-3.058064580227763,100.0,False
4,1747842601.5588439,32,0,-5,2.177128553390503,1.1385082006454468,-0.06221771240234375,-0.006332468707114458,3.262229074607603e-05,-0.010101160034537315,-0.0016122046276434653,0.006087952803369693,-3.0580228797534934,100.0,False
4,1747842601.8627944,34,0,-5,2.1767451763153076,1.1385712623596191,-0.06246185302734375,-0.006154258269816637,-0.0018196945311501622,-0.011716704815626144,-0.0016309345554576177,0.006125431527981291,-3.057968497530341,100.0,False
4,1747842602.1666656,36,0,-5,2.176665782928467,1.1382609605789185,-0.06262969970703125,-0.005840953439474106,-5.0652320169319864e-06,-0.012103544548153877,-0.0015879835210425616,0.0061558446951142775,-3.0579508804534536,100.0,False
4,1747842602.4712408,38,0,-5,2.1767830848693848,1.1387008428573608,-0.06329345703125,-0.006204168312251568,0.001251432579010725,-0.01401692908257246,-0.0014999635637913621,0.006190933221297013,-3.0576964434853338,100.0,False
4,1747842602.7751746,40,0,-5,2.1771209239959717,1.1385905742645264,-0.0639495849609375,-0.004402755293995142,-0.0004986661369912326,-0.015515840612351894,-0.001458431797745181,0.0062564234269704665,-3.0576089531122395,100.0,False
5,1747842604.0843172,0,0,-5,2.1779367923736572,1.138224482536316,-0.06392669677734375,-0.0034018808510154486,-0.00014729566464666277,-0.013105958700180054,-0.0014080143598189882,0.006211200793094427,-3.057491919778471,100.0,False
5,1747842604.3896422,2,0,-5,2.177509307861328,1.1383534669876099,-0.06438446044921875,-0.005569444037973881,-0.0013800773303955793,-0.0129234679043293,-0.0013555987220888847,0.006196465942472287,-3.057519350887872,100.0,False
5,1747842604.6938522,4,0,-5,2.1774630546569824,1.1379257440567017,-0.06435394287109375,-0.0019988007843494415,-0.003715801052749157,-0.010832767002284527,-0.0013332894250300067,0.006170918367816003,-3.057447345150275,100.0,False
5,1747842604.9979897,6,0,-5,2.1784050464630127,1.1377215385437012,-0.06380462646484375,-0.0009912370005622506,-0.002080211415886879,-0.009756360203027725,-0.0012527512080961404,0.006137047722232371,-3.057461156667987,100.0,False
5,1747842605.3022795,8,0,-5,2.178769826889038,1.1378397941589355,-0.06292724609375,-0.0005930289044044912,-0.0021746382117271423,-0.007227709982544184,-0.0012904822090770408,0.006148083381261165,-3.057527210064204,100.0,False
5,1747842605.60504,10,0,-5,2.1789793968200684,1.1377698183059692,-0.06212615966796875,-0.0006211433792486787,-0.0029611452482640743,-0.0076504237949848175,-0.0012956985624819433,0.006156233531147644,-3.057694084340073,100.0,False
5,1747842605.9077923,12,0,-5,2.1792283058166504,1.1376338005065918,-0.0615234375,-0.0014211538946256042,-0.0029650551732629538,-0.00698311161249876,-0.0013207930294345225,0.0061494069985194525,-3.0576523623704115,100.0,False
5,1747842606.2128909,13.478026288024065,-1.3307476025797826,-4.503422664563591,2.1790308952331543,1.1371967792510986,-0.0606536865234375,-0.0019839045125991106,-0.003884701058268547,-0.0065010422840714455,-0.0012704687725511644,0.006164075804071321,-3.057638041439485,100.0,True
5,1747842607.5157194,16,0,-5,2.180793285369873,1.138071894645691,-0.0599822998046875,0.002021281747147441,-0.000985224382020533,-0.008042228408157825,-0.0013514051127412948,0.005939041043363344,-3.0577618090084155,100.0,False
5,1747842607.8209884,13.06176135408124,-4.93823864591876,-9.93823864591876,2.180504322052002,1.1382925510406494,-0.05985260009765625,0.0008055266225710511,0.00043297340744175017,-0.008538300171494484,-0.0014104960064558907,0.0059335421197412395,-3.0577320053597523,100.0,False
5,1747842608.1241841,20,0,-5,2.179863691329956,1.1386631727218628,-0.0597686767578125,-0.001882873591966927,0.0007275560637935996,-0.00903236586600542,-0.0014962863394693841,0.005980530012359095,-3.057583197325677,100.0,False
5,1747842608.4292498,22,0,-5,2.1788458824157715,1.1388581991195679,-0.0599517822265625,-0.0038544321432709694,0.0003879829018842429,-0.008806293830275536,-0.0015192700845989607,0.005990348401713505,-3.057627074594511,100.0,False
5,1747842608.7342114,24,0,-5,2.17818021774292,1.138812780380249,-0.0599365234375,-0.003912139218300581,-0.0016061646165326238,-0.008889823220670223,-0.0015233529421081987,0.005977854054064058,-3.057608944327681,100.0,False
5,1747842611.0405848,26,0,-5,2.1778416633605957,1.1386449337005615,-0.0615997314453125,-0.003131828038021922,-0.000672473746817559,-0.009386774152517319,-0.0013333543280802888,0.00597536367456084,-3.0572528030732675,100.0,False
5,1747842611.3457432,26.407326403128213,2.9589961521051773,-4.679266361743636,2.1780786514282227,1.1382848024368286,-0.0611572265625,-0.0033717225305736065,-0.0015023250598460436,-0.009183562360703945,-0.0013693231912406982,0.005945596975518973,-3.0572115509249214,100.0,True
5,1747842611.6495645,34.376836393114125,4.376836393114123,-0.6231636068858766,2.1783792972564697,1.1378172636032104,-0.06085968017578125,-0.001717490260489285,-0.003364002564921975,-0.008846861310303211,-0.0012924232984171775,0.005912825577394822,-3.0568882397866353,100.0,False
5,1747842611.9539948,32,0,-5,2.179072618484497,1.1370986700057983,-0.060302734375,0.0008141783182509243,-0.005048119463026524,-0.008089495822787285,-0.0011857877630656992,0.005956947062387237,-3.056494612098938,100.0,False
5,1747842612.260692,34,0,-5,2.1792728900909424,1.1367242336273193,-0.06005096435546875,-0.000693094334565103,-0.004014939069747925,-0.008608948439359665,-0.0012133314009921546,0.005976560182525323,-3.056431429977453,100.0,False
5,1747842612.5658343,36,0,-5,2.1795878410339355,1.1366875171661377,-0.06024932861328125,0.00019258564861956984,-0.003181731328368187,-0.009470537304878235,-0.0012176633655943568,0.005970888824044969,-3.056409243968923,100.0,False
5,1747842612.8693748,38,0,-5,2.179727554321289,1.1368600130081177,-0.060699462890625,0.00019177686772309244,-0.003354845568537712,-0.010846002958714962,-0.001144296196156755,0.005953359433246362,-3.056385893197018,100.0,False
5,1747842613.173082,37.781144584287404,-2.2188554157125937,-7.218855415712594,2.1796443462371826,1.1369214057922363,-0.06070709228515625,0.0001456462050555274,-0.0040333946235477924,-0.009996423497796059,-0.0011852448921010016,0.005913811342129112,-3.056448598132235,100.0,False
1,1748096051.58757,0,0,-5,-0.7068448662757874,-0.46549031138420105,-5.262779235839844,-2.5159764289855957,-1.2134865522384644,0.0635732039809227,0.4611675581209468,-0.18798273666918294,-3.0544651347235825,100.0,False
1,1748096056.2009954,5,0,-5,6.445662498474121,0.7305037379264832,-4.319450378417969,-1.6248019933700562,-0.17580530047416687,0.6103701591491699,-0.004887508747574744,0.0004369579568748974,-3.0365275388892896,100.0,False
1,1748096056.5042045,10,5,-5,5.659987449645996,0.6257942914962769,-4.10345458984375,-1.894493579864502,-0.2064267098903656,0.649064838886261,-0.00372625108463456,0.0003728141926563651,-3.0378126264495964,100.0,False
1,1748096056.8074806,14,5,-5,4.8432936668396,0.5134827494621277,-3.8822860717773438,-2.1286332607269287,-0.23591414093971252,0.6621605157852173,-0.0029905611103580114,0.0003748610311797663,-3.0387944016992288,100.0,False
1,1748096057.1102443,18,5,-5,3.992504358291626,0.3957866132259369,-3.6585540771484375,-2.331660270690918,-0.2630288302898407,0.6631239056587219,-0.002414663957471282,0.0002471929724523787,-3.0395063369389677,100.0,False
1,1748096057.415037,22,5,-5,3.010011672973633,0.260904461145401,-3.4105987548828125,-2.5305843353271484,-0.28688523173332214,0.657261848449707,-0.0018735686906197078,0.00020519270501439662,-3.040202508129353,100.0,False
1,1748096057.7195303,25,5,-5,2.0875513553619385,0.1355103999376297,-3.1879425048828125,-2.6837363243103027,-0.3076430559158325,0.6521589159965515,-0.0015796363264705643,0.00017873276783181435,-3.0408069049338957,100.0,False
1,1748096058.0220716,30.532043816664213,5.607308217922462,-5.894162155296857,1.179242730140686,0.013417287729680538,-2.9766082763671875,-2.8082051277160645,-0.3230534493923187,0.6481260657310486,-0.001222351435017435,0.00023725710418081282,-3.04128850099229,100.0,True
1,1748096058.3261747,31,5,-5,0.261732816696167,-0.10737954825162888,-2.7696151733398438,-2.9126217365264893,-0.3323177993297577,0.6453720927238464,-0.0008729427774291223,0.00017855852350367622,-3.04177658562237,100.0,False
1,1748096060.6826954,35,5,-5,-7.049263000488281,-0.9671443700790405,-1.2162017822265625,-3.3030083179473877,-0.3315506875514984,0.678007185459137,0.00017475639599286394,3.7522429426479033e-05,-3.043506778321802,100.0,False
1,1748096060.985283,38,5,-5,-7.926402568817139,-1.0571353435516357,-1.0334548950195312,-3.3264424800872803,-0.32619786262512207,0.6806968450546265,0.00026385084476748105,1.867446573555413e-05,-3.0436502891821404,100.0,False
1,1748096061.2885456,41,5,-5,-8.89709758758545,-1.1535991430282593,-0.8318557739257812,-3.3510894775390625,-0.31819039583206177,0.6846983432769775,0.00022791063009732634,4.933649297598875e-05,-3.0438245608389733,100.0,False
1,1748096061.5927384,43,5,-5,-9.8744535446167,-1.2464128732681274,-0.6287994384765625,-3.3734753131866455,-0.3084326386451721,0.6894851326942444,0.00017111422654939932,9.956954414389772e-06,-3.0439766860568,100.0,False
1,1748096061.8975642,46,5,-5,-10.888567924499512,-1.3397084474563599,-0.41876983642578125,-3.395425319671631,-0.3022562861442566,0.6936005353927612,0.00020539245636863701,2.3746748348279723e-05,-3.0441363958884,100.0,False
1,1748096062.2011778,47.86782779758244,6.290826865903222,-5.522193347399297,-11.880314826965332,-1.4283006191253662,-0.21405029296875,-3.417351245880127,-0.29437318444252014,0.6950884461402893,0.00020427835375490277,-7.085613987113542e-06,-3.0442773256391162,100.0,True
1,1748096062.5065114,50,5,-5,-12.880325317382812,-1.5142213106155396,-0.0094451904296875,-3.4398491382598877,-0.2855088412761688,0.6957523226737976,0.0001770220779295644,3.417365355413375e-05,-3.0444563771647974,100.0,False
1,1748096062.81263,55,5,-5,-13.919856071472168,-1.6001582145690918,0.20160675048828125,-3.4623866081237793,-0.27820146083831787,0.6973157525062561,0.00020535195390956266,-4.655822699349908e-06,-3.0445903642873113,100.0,False
1,1748096063.1157668,50,5,-5,-14.938444137573242,-1.6809319257736206,0.40631866455078125,-3.4876954555511475,-0.26878365874290466,0.699249804019928,0.00018081768606941856,-4.0100487825365476e-05,-3.0447002887672445,100.0,False
1,1748096063.4215174,40,5,-5,-15.967105865478516,-1.7594705820083618,0.61163330078125,-3.513726234436035,-0.261525422334671,0.7001367807388306,0.0001123780291701082,-9.08413654484387e-06,-3.044806138297865,100.0,False
1,1748096063.7272046,35,5,-5,-17.03803253173828,-1.8380852937698364,0.8239974975585938,-3.5435006618499756,-0.2533532381057739,0.7006433010101318,6.51644096704895e-05,4.773487795335894e-05,-3.0448807814615817,100.0,False
1,1748096064.0298407,30,5,-5,-18.08802032470703,-1.9119266271591187,1.0305709838867188,-3.5737035274505615,-0.24289192259311676,0.7039433717727661,7.379562995584258e-05,-6.485527986210207e-05,-3.0449320323125186,100.0,False
2,1748096065.3364,0,0,-5,-22.79326629638672,-2.208608388900757,1.933349609375,-3.710904836654663,-0.20694267749786377,0.7044896483421326,2.7518840085447912e-05,7.285297636447613e-06,-3.0455037307795614,100.0,False
2,1748096065.6406443,5,0,-5,-23.933006286621094,-2.272285223007202,2.146759033203125,-3.745452404022217,-0.1996035873889923,0.7047168612480164,2.1024694977282788e-05,-2.380232287272196e-05,-3.045679688671023,100.0,False
2,1748096065.943206,10,5,-5,-25.049482345581055,-2.3329837322235107,2.3536453247070312,-3.7760417461395264,-0.19343799352645874,0.705022931098938,-2.2311098107099647e-05,-1.966056644548737e-05,-3.0458346815861845,100.0,False
2,1748096066.246115,14,5,-5,-26.176006317138672,-2.391631841659546,2.560577392578125,-3.8104326725006104,-0.18568731844425201,0.7034075260162354,1.183312571515935e-05,3.765193672654926e-05,-3.046026832364469,100.0,False
2,1748096066.5491886,18,5,-5,-27.3474178314209,-2.4502317905426025,2.7739791870117188,-3.8432281017303467,-0.17903241515159607,0.7072754502296448,-0.0017956850340606473,-6.989849609307756e-05,-3.0462163783198295,100.0,False
2,1748096066.8536649,22,5,-5,-28.633506774902344,-2.511849880218506,3.0065994262695312,-3.879080057144165,-0.17114399373531342,0.7064535021781921,0.00042205845677145183,-7.48322032650127e-07,-3.046299607607631,100.0,False
2,1748096067.1567342,25,5,-5,-29.79078483581543,-2.564063310623169,3.2138595581054688,-3.9107112884521484,-0.16336403787136078,0.7045372724533081,0.00030174014615389746,2.3779559430698174e-05,-3.04655803053028,100.0,False
2,1748096067.4612906,26.89624340420646,5.8622791259243066,-4.6595760123232735,-30.957557678222656,-2.6138968467712402,3.4210433959960938,-3.9413902759552,-0.15487802028656006,0.7044591903686523,0.00014490124219562577,8.254419323134529e-05,-3.046906114370815,100.0,True
2,1748096067.76387,31,5,-5,-32.169166564941406,-2.6635024547576904,3.6347503662109375,-3.9725818634033203,-0.147682785987854,0.7055823802947998,7.301858190156316e-05,4.769306065625886e-05,-3.047243501301196,100.0,False
2,1748096068.0676808,35,5,-5,-33.35466384887695,-2.7101938724517822,3.8428878784179688,-4.00340461730957,-0.14244717359542847,0.7052939534187317,9.669978558351258e-06,7.918836032366818e-05,-3.0474611724181133,100.0,False
2,1748096068.37267,38,5,-5,-34.548980712890625,-2.755042791366577,4.051216125488281,-4.034608840942383,-0.13560760021209717,0.7051226496696472,7.703296929735884e-06,4.456941921949625e-05,-3.0477513222634323,100.0,False
2,1748096068.6754916,41,5,-5,-35.78851318359375,-2.798969030380249,4.2662200927734375,-4.063777923583984,-0.1279282122850418,0.7039383053779602,9.657472674328088e-05,1.6232858781094726e-05,-3.047917720203468,100.0,False
2,1748096068.981895,43,5,-5,-37.0001220703125,-2.840029001235962,4.473564147949219,-4.09378719329834,-0.12314297258853912,0.7029473185539246,3.1528229413373376e-05,6.72684004201246e-05,-3.0481339813372657,100.0,False
2,1748096069.2843342,46,5,-5,-38.2201042175293,-2.879026412963867,4.68060302734375,-4.121340274810791,-0.11519389599561691,0.7020256519317627,4.480190523106039e-05,3.1406498353636573e-05,-3.0482851368287847,100.0,False
2,1748096069.5868897,45.759886965105665,5.1930265695792865,-4.725488215931649,-39.597869873046875,-2.9196839332580566,4.913017272949219,-4.152149200439453,-0.10572627186775208,0.7055214643478394,-3.746335041908738e-05,-6.943398446273398e-06,-3.048484696406371,100.0,True
2,1748096069.889824,50,5,-5,-40.87266159057617,-2.9543673992156982,5.126884460449219,-4.179607391357422,-0.09783224761486053,0.7025808691978455,2.129012076472017e-05,8.773372945620174e-06,-3.048810132770071,100.0,False
2,1748096070.1930969,55,5,-5,-42.11785888671875,-2.9860029220581055,5.334846496582031,-4.205658912658691,-0.09258188307285309,0.7035927176475525,2.776214806670476e-05,8.100184982056993e-05,-3.0490831393318496,100.0,False
2,1748096070.4973593,50,5,-5,-43.371219635009766,-3.0159058570861816,5.5438232421875,-4.233124256134033,-0.08536282181739807,0.7044997811317444,3.9625121041786824e-05,0.00012985705561486825,-3.049301758765386,100.0,False
2,1748096070.800525,40,5,-5,-44.670833587646484,-3.0439047813415527,5.759300231933594,-4.2581281661987305,-0.07803236693143845,0.7049890160560608,-1.7671476514523645e-05,-2.570692726340266e-06,-3.0494598272048665,100.0,False
2,1748096071.103613,35,5,-5,-45.9397087097168,-3.0686707496643066,5.9681243896484375,-4.283952236175537,-0.07013824582099915,0.7029895782470703,-5.3990209838493596e-05,9.093798646812563e-06,-3.049711128393056,100.0,False
2,1748096071.4077616,30,5,-5,-47.216678619384766,-3.0907247066497803,6.176490783691406,-4.310801982879639,-0.06141962856054306,0.704200267791748,-4.234348916589844e-06,2.6022889740132166e-05,-3.0499023467956063,100.0,False
3,1748096072.715022,0,0,-5,-53.07283020019531,-3.1593172550201416,7.111183166503906,-4.421760559082031,-0.02631678618490696,0.7038303017616272,2.438445725688276e-05,5.932558260540884e-05,-3.0508147764439766,100.0,False
3,1748096073.0195446,5,0,-5,-54.38908386230469,-3.1673057079315186,7.3177490234375,-4.445348739624023,-0.018869522958993912,0.7030279636383057,2.818202310373733e-05,-7.019219159428435e-06,-3.0509902592688185,100.0,False
3,1748096073.3218,10,5,-5,-55.71104431152344,-3.1727077960968018,7.524711608886719,-4.463375091552734,-0.009024848230183125,0.7036263942718506,3.3617875326094105e-05,3.13578036268275e-05,-3.051088691031114,100.0,False
3,1748096073.6262503,14,5,-5,-57.079139709472656,-3.1753344535827637,7.737693786621094,-4.48544454574585,0.0005733877187594771,0.7052314877510071,-2.1205178826033802e-05,6.230140133861506e-05,-3.051401504432705,100.0,False
3,1748096073.9292803,18,5,-5,-58.414100646972656,-3.1754353046417236,7.94439697265625,-4.5072021484375,0.010511165484786034,0.703744113445282,5.269373865219585e-05,4.487651402836218e-05,-3.051583188990211,100.0,False
3,1748096074.2319107,22,5,-5,-59.75569534301758,-3.172971725463867,8.151054382324219,-4.529489040374756,0.02038881927728653,0.7056779265403748,1.876809974228979e-05,2.7324176802897292e-05,-3.0517486506554836,100.0,False
3,1748096074.5360022,25,5,-5,-61.26728439331055,-3.1703386306762695,8.382713317871094,-4.551548957824707,0.023913290351629257,0.7047724723815918,-2.9509041277452744e-05,5.63194750203252e-05,-3.0519975466074345,100.0,False
3,1748096074.83866,25.745540823889296,7.576643917625482,-4.019917069399962,-62.66321563720703,-3.1664910316467285,8.595718383789062,-4.573879718780518,0.03215668350458145,0.7053009271621704,-2.7064717295371378e-05,2.7074237224255256e-05,-3.0522707882527444,100.0,True
3,1748096075.1433308,31,5,-5,-64.02378845214844,-3.159883975982666,8.802925109863281,-4.591872692108154,0.03845176100730896,0.7074709534645081,1.5075599025669578e-05,-1.0727972906145144e-05,-3.0524822652769648,100.0,False
3,1748096075.4458668,35,5,-5,-65.39016723632812,-3.1507279872894287,9.010734558105469,-4.611200332641602,0.04406644403934479,0.7080966830253601,-6.0805565308035034e-06,1.0742169900244233e-05,-3.052838672936473,100.0,False
3,1748096075.7493763,38,5,-5,-66.80436706542969,-3.1376731395721436,9.22564697265625,-4.631070613861084,0.05292358621954918,0.7062942981719971,-8.700712813012957e-06,7.815102429003421e-05,-3.0532378111069236,100.0,False
3,1748096076.0521603,41,5,-5,-68.18351745605469,-3.1218016147613525,9.43414306640625,-4.651196479797363,0.060166630893945694,0.7063482999801636,6.431822484638117e-06,0.00010524427416027866,-3.0534068643246752,100.0,False
3,1748096076.3547118,43,5,-5,-69.56829833984375,-3.1027467250823975,9.642845153808594,-4.672105312347412,0.0686645582318306,0.7076786160469055,-1.4402460356680475e-05,-8.651448166107882e-06,-3.0536185820769806,100.0,False
3,1748096076.6576543,46,5,-5,-71.1281967163086,-3.0769855976104736,9.876518249511719,-4.69629430770874,0.08203983306884766,0.706557035446167,-0.00010895077821757363,-1.1851360147438773e-05,-3.053913022669068,100.0,False
3,1748096076.9611712,45.44046377622012,2.013152584133948,-4.610569711536024,-72.56767272949219,-3.049288749694824,10.090110778808594,-4.715293884277344,0.09270811080932617,0.7069913148880005,7.373709413270848e-05,5.519398542656447e-06,-3.0542794659367174,100.0,True
3,1748096077.2652836,50,5,-5,-73.97013854980469,-3.0196027755737305,10.297142028808594,-4.733575344085693,0.1018906906247139,0.7071582674980164,-1.2118525705365609e-05,-4.4400207730939135e-05,-3.0545774820379696,100.0,False
3,1748096077.5675774,55,5,-5,-75.37686157226562,-2.9873807430267334,10.504005432128906,-4.7482428550720215,0.11052689701318741,0.7056246399879456,-2.106025605446123e-05,-7.526423010870035e-06,-3.0548693171018457,100.0,False
3,1748096077.8718803,50,5,-5,-76.83136749267578,-2.9511873722076416,10.716529846191406,-4.764718055725098,0.1209254339337349,0.7045915722846985,-2.9199295853858884e-05,2.1469936798449232e-05,-3.055330177337933,100.0,False
3,1748096078.1745977,40,5,-5,-78.24835968017578,-2.91313099861145,10.922935485839844,-4.780041694641113,0.13146664202213287,0.707005500793457,-2.4218495692329455e-05,6.748771714165864e-05,-3.0558015197023014,100.0,False
3,1748096078.4771752,35,5,-5,-79.84376525878906,-2.8667871952056885,11.155059814453125,-4.800865173339844,0.1428408920764923,0.7082509398460388,7.867802027419532e-06,-2.7526931999281272e-05,-3.056011090860572,100.0,False
3,1748096079.7688448,30,5,-5,-86.11717224121094,-2.652792453765869,12.057807922363281,-4.87212610244751,0.18898652493953705,0.7081676125526428,-2.4156376957611464e-05,5.075115451561414e-06,-3.057043932280384,100.0,False
4,1748096081.074584,0,0,-5,-92.52202606201172,-2.388345718383789,12.972618103027344,-4.93779182434082,0.22216802835464478,0.7072026133537292,-5.947654359272545e-05,-0.00011540490392782949,-3.058420545325451,100.0,False
4,1748096081.3771853,5,0,-5,-93.99156951904297,-2.3204681873321533,13.179450988769531,-4.953043460845947,0.23137296736240387,0.707142174243927,-2.7798641445056332e-05,-3.4993728258061056e-05,-3.058802267009057,100.0,False
4,1748096081.680841,10,5,-5,-95.64398956298828,-2.2401254177093506,13.411331176757812,-4.968829154968262,0.2452608197927475,0.7070146203041077,-6.075662700371645e-05,-4.1264905163402256e-05,-3.0592068559200314,100.0,False
4,1748096081.9847317,14,5,-5,-97.16668701171875,-2.1630048751831055,13.624443054199219,-4.984393119812012,0.2530789077281952,0.7071567177772522,1.2723296966784618e-05,-3.9448447764448667e-05,-3.0596038125018654,100.0,False
4,1748096082.287134,18,5,-5,-98.64867401123047,-2.0853323936462402,13.8311767578125,-4.998267650604248,0.26509252190589905,0.7078470587730408,-2.3668505915878212e-05,-6.336049858959769e-05,-3.0598269849550483,100.0,False
4,1748096082.5909498,22,5,-5,-100.1341552734375,-2.0039336681365967,14.037986755371094,-5.011146545410156,0.27620166540145874,0.7084378600120544,-3.321039532747546e-05,-1.0837957346879202e-06,-3.059926420816715,100.0,False
4,1748096082.894661,25,5,-5,-101.6679458618164,-1.9172664880752563,14.251899719238281,-5.02376127243042,0.28450754284858704,0.7086365818977356,4.679943780403004e-05,-1.1695102550638851e-05,-3.0601455176146914,100.0,False
4,1748096083.1992357,29.922353827432097,6.513940922522399,-4.680637524982799,-103.341552734375,-1.8195871114730835,14.485298156738281,-5.038142204284668,0.29524484276771545,0.7073201537132263,1.0062634827834321e-05,7.63200694886769e-05,-3.0604437839434278,100.0,True
4,1748096083.5026531,31,5,-5,-104.8377685546875,-1.7296488285064697,14.693763732910156,-5.047313690185547,0.30582043528556824,0.7077398300170898,3.7125058464948704e-06,-9.402830471572803e-05,-3.060791407230853,100.0,False
4,1748096083.8061101,35,5,-5,-106.33680725097656,-1.6359705924987793,14.902542114257812,-5.059620380401611,0.31719645857810974,0.7078309059143066,-3.2558915010165515e-06,3.318771591279942e-05,-3.061031010972999,100.0,False
4,1748096084.1092622,38,5,-5,-107.88489532470703,-1.5363296270370483,15.117294311523438,-5.0684814453125,0.3290073871612549,0.706984281539917,-1.0181567663925334e-06,4.543817318392645e-05,-3.0612167376986292,100.0,False
4,1748096084.4133625,41,5,-5,-109.39055633544922,-1.4367214441299438,15.325386047363281,-5.079861640930176,0.3397408425807953,0.705848217010498,-1.2108324662137186e-05,-2.07726376117628e-05,-3.0613283096765542,100.0,False
4,1748096084.7178755,43,5,-5,-111.08312225341797,-1.3214181661605835,15.558601379394531,-5.092471122741699,0.35260578989982605,0.7053741812705994,-2.5932491548930232e-06,-4.147274832494916e-06,-3.0615262065914433,100.0,False
4,1748096085.0204291,46,5,-5,-112.59601593017578,-1.2160964012145996,15.766868591308594,-5.102663993835449,0.36191317439079285,0.7053328156471252,-8.862093488648654e-06,2.3269160069378054e-05,-3.0617770137596514,100.0,False
4,1748096085.3230433,49.6425140595546,4.3898303406294,-5.581732118850603,-114.15837860107422,-1.1052309274673462,15.981155395507812,-5.114611625671387,0.36988359689712524,0.7056789994239807,9.948022992886412e-06,6.577723978182671e-05,-3.0621313041906806,100.0,True
4,1748096085.6260083,50,5,-5,-115.67839050292969,-0.9953905940055847,16.18810272216797,-5.125188827514648,0.37758833169937134,0.7044227719306946,-3.0822885286528845e-06,1.0391486847476273e-05,-3.0624093032415725,100.0,False
4,1748096085.9292152,55,5,-5,-117.20128631591797,-0.882706880569458,16.39496612548828,-5.134326457977295,0.387678325176239,0.7048269510269165,2.4181042234461606e-05,-4.381689001924568e-06,-3.062769554307067,100.0,False
4,1748096086.2330787,50,5,-5,-118.77303314208984,-0.763825535774231,16.608070373535156,-5.144518852233887,0.39667099714279175,0.7060281038284302,-4.726001084413602e-06,4.74408706506603e-05,-3.063331499728804,100.0,False
4,1748096086.5371423,40,5,-5,-120.48762512207031,-0.6313185691833496,16.840492248535156,-5.156437397003174,0.40481138229370117,0.7068324089050293,6.441728007562029e-05,3.960830682260287e-05,-3.063776404111688,100.0,False
4,1748096086.8397615,35,5,-5,-122.01997375488281,-0.5106364488601685,17.048309326171875,-5.166123390197754,0.4120325744152069,0.7057632207870483,-3.715157516157062e-05,6.0859719458592225e-05,-3.0639795194592105,100.0,False
4,1748096087.1442146,30,5,-5,-123.55496215820312,-0.38739606738090515,17.256683349609375,-5.1745171546936035,0.42086318135261536,0.7052002549171448,-4.057571572216503e-05,8.072220090487786e-05,-3.064265398055625,100.0,False
5,1748096088.449845,0,0,-5,-130.52398681640625,0.20645727217197418,18.196434020996094,-5.218327522277832,0.46269112825393677,0.7041639685630798,-7.201562341159041e-05,6.502983475750946e-06,-3.065780296800477,100.0,False
5,1748096088.754016,5,0,-5,-132.0760498046875,0.3459855914115906,18.404815673828125,-5.227542400360107,0.47382792830467224,0.7050243616104126,3.2413530942172954e-05,-1.057004090490496e-05,-3.0659605391966065,100.0,False
5,1748096089.057013,10,5,-5,-133.6305389404297,0.48843812942504883,18.612205505371094,-5.237181186676025,0.483227401971817,0.7022079229354858,6.943768824606534e-05,-3.574773348671813e-05,-3.0659836910941145,100.0,False
5,1748096089.360592,14,5,-5,-135.23464965820312,0.6376426219940186,18.825210571289062,-5.245303630828857,0.491629958152771,0.7044790983200073,-5.645894789884156e-05,1.2635512194119093e-05,-3.066083807042803,100.0,False
5,1748096089.664371,18,5,-5,-136.79441833496094,0.7848231792449951,19.031768798828125,-5.255130767822266,0.4996583163738251,0.7028027176856995,1.1127208339504454e-05,9.253263474427727e-07,-3.066182280452276,100.0,False
5,1748096089.9663787,22,5,-5,-138.54632568359375,0.9532262086868286,19.263534545898438,-5.266904354095459,0.510219395160675,0.7027447819709778,1.7663847497781724e-05,2.8141750399663005e-05,-3.066247613334063,100.0,False
5,1748096090.2701547,25,5,-5,-139.9692840576172,1.0925869941711426,19.451812744140625,-5.2761969566345215,0.5202436447143555,0.704652726650238,6.521147758535827e-06,-5.409698291212117e-06,-3.066587109305106,100.0,False
5,1748096090.5752115,30.364738608688135,5.11481552494458,-4.982220124288818,-141.5363006591797,1.2490344047546387,19.659706115722656,-5.282787799835205,0.5308025479316711,0.7053022384643555,6.492136892841635e-08,3.7794919818643125e-05,-3.0666934459700443,100.0,True
5,1748096090.8777916,31,5,-5,-143.10475158691406,1.4080495834350586,19.868316650390625,-5.288392066955566,0.5416325926780701,0.7060325741767883,1.8411325613589162e-05,0.000128986388486688,-3.0669487635734414,100.0,False
5,1748096091.1825633,35,5,-5,-144.72280883789062,1.5745183229446411,20.083724975585938,-5.2939066886901855,0.5505471229553223,0.7057320475578308,2.011584909239551e-05,-4.0876153196766565e-05,-3.067109739159154,100.0,False
5,1748096091.485295,38,5,-5,-146.29489135742188,1.7384819984436035,20.29212188720703,-5.300070285797119,0.5603488683700562,0.7055212259292603,-1.3941864753079517e-05,1.9484827198420938e-05,-3.0671841160156035,100.0,False
5,1748096091.7901862,41,5,-5,-147.86961364746094,1.9049582481384277,20.499832153320312,-5.306530952453613,0.5680062770843506,0.7046319246292114,1.2670950209578368e-05,6.353248582804358e-05,-3.0674985782367217,100.0,False
5,1748096092.0930257,43,5,-5,-149.3031768798828,2.058389186859131,20.688186645507812,-5.311868667602539,0.5763505697250366,0.7051883339881897,-5.9759145070207225e-05,-6.3949338951847965e-06,-3.0678981864593236,100.0,False
5,1748096092.3957067,46,5,-5,-150.88351440429688,2.2298378944396973,20.895034790039062,-5.320968151092529,0.5857672095298767,0.7048055529594421,-3.167637611048974e-05,1.3433015051094944e-05,-3.068093902675706,100.0,False
5,1748096092.69861,50.59367512471945,6.852377968144242,-4.9238824702999064,-152.4664764404297,2.40372371673584,21.1024169921875,-5.330145359039307,0.5939444303512573,0.7067020535469055,-1.4654775475991443e-05,7.389268371297197e-05,-3.0682071741925188,100.0,True
5,1748096093.001472,50,5,-5,-154.0995635986328,2.5859012603759766,21.315353393554688,-5.338895320892334,0.6028417944908142,0.704858124256134,3.309434236418362e-05,0.00010315797140341048,-3.06840624310415,100.0,False
5,1748096093.304852,55,5,-5,-155.68629455566406,2.7653517723083496,21.521766662597656,-5.34462308883667,0.6116524338722229,0.705008864402771,2.657030817096828e-05,-4.930476806747505e-05,-3.0685686024436842,100.0,False
5,1748096093.6081183,50,5,-5,-157.27455139160156,2.9476375579833984,21.728477478027344,-5.350514888763428,0.6209063529968262,0.7051992416381836,5.832091453575235e-07,5.9364672082054136e-05,-3.0687366871870605,100.0,False
5,1748096093.911342,40,5,-5,-158.91270446777344,3.1383395195007324,21.941329956054688,-5.357371807098389,0.6305668354034424,0.7037612199783325,-2.2284223498488727e-05,4.187330898436651e-05,-3.069043038662344,100.0,False
5,1748096094.2157903,35,5,-5,-160.50509643554688,3.325910806655884,22.147422790527344,-5.3661346435546875,0.6380845308303833,0.705771267414093,-4.5926048921446484e-05,9.749517134010984e-05,-3.069359440623242,100.0,False
5,1748096094.518779,30,5,-5,-162.09918212890625,3.5163445472717285,22.35431671142578,-5.371764659881592,0.6497321724891663,0.7078315615653992,3.0295962222883488e-05,-2.6013125834248647e-05,-3.0695990556030552,100.0,False
